taxa	region	state	host	date	year	PEAL
Mosq_119_Brazil_SP_SaoPaulo_2018-01-05	Southeast	SP	Mosq	05/01/2018	2018	GroupI_III
Mosq_120_Brazil_SP_SaoPaulo_2018-01-05	Southeast	SP	Mosq	05/01/2018	2018	GroupI_III
Mosq_177_Brazil_SP_SaoPaulo_2018-01-11	Southeast	SP	Mosq	11/01/2018	2018	GroupI_III
Mosq_182_Brazil_SP_SaoPaulo_2018-01-11	Southeast	SP	Mosq	11/01/2018	2018	GroupI_III
Mosq_192_Brazil_SP_SaoPaulo_2018-01-11	Southeast	SP	Mosq	11/01/2018	2018	GroupI_III
Mosq_24_Brazil_SP_SaoPaulo_2017-12-26	Southeast	SP	Mosq	26/12/2017	2017	GroupI_III
Mosq_66_Brazil_SP_SaoPaulo_2018-01-03	Southeast	SP	Mosq	03/01/2018	2018	GroupI_III
Mosq_81_Brazil_SP_SaoPaulo_2018-01-04	Southeast	SP	Mosq	04/01/2018	2018	GroupI_III
Mosq_95_Brazil_SP_SaoPaulo_2018-01-04	Southeast	SP	Mosq	04/01/2018	2018	GroupI_III
NHP_2067_Brazil_SP_SaoPaulo_2017-10-09	Southeast	SP	NHP	09/10/2017	2017	GroupI_III
NHP_2457_Brazil_SP_SaoPaulo_2017-12-03	Southeast	SP	NHP	03/12/2017	2017	GroupI_III
NHP_2505_Brazil_SP_Mairipora_2017-11-16	Southeast	SP	NHP	16/11/2017	2017	GroupI_III
NHP_2508_Brazil_SP_SaoPaulo_2017-12-05	Southeast	SP	NHP	05/12/2017	2017	GroupI_III
NHP_2510_Brazil_SP_SaoPaulo_2017-12-05	Southeast	SP	NHP	05/12/2017	2017	GroupI_III
NHP_2513_Brazil_SP_SaoPaulo_2017-12-05	Southeast	SP	NHP	05/12/2017	2017	GroupI_III
NHP_2668_Brazil_SP_SaoPaulo_2017-12-16	Southeast	SP	NHP	16/12/2017	2017	GroupI_III
NHP_2669_Brazil_SP_SaoPaulo_2017-12-16	Southeast	SP	NHP	16/12/2017	2017	GroupI_III
NHP_2670_Brazil_SP_SaoPaulo_2017-12-16	Southeast	SP	NHP	16/12/2017	2017	GroupI_III
NHP_2671_Brazil_SP_SaoPaulo_2017-12-17	Southeast	SP	NHP	17/12/2017	2017	GroupI_III
NHP_2672_Brazil_SP_SaoPaulo_2017-12-17	Southeast	SP	NHP	17/12/2017	2017	GroupI_III
NHP_2673_Brazil_SP_SaoPaulo_2017-12-17	Southeast	SP	NHP	17/12/2017	2017	GroupI_III
NHP_2674_Brazil_SP_SaoPaulo_2017-12-17	Southeast	SP	NHP	17/12/2017	2017	GroupI_III
NHP_2675_Brazil_SP_SaoPaulo_2017-12-18	Southeast	SP	NHP	18/12/2017	2017	GroupI_III
NHP_2676_Brazil_SP_SaoPaulo_2017-12-15	Southeast	SP	NHP	15/12/2017	2017	GroupI_III
NHP_2677_Brazil_SP_SaoPaulo_2017-12-14	Southeast	SP	NHP	14/12/2017	2017	GroupI_III
NHP_2678_Brazil_SP_SaoPaulo_2017-12-14	Southeast	SP	NHP	14/12/2017	2017	GroupI_III
NHP_2680_Brazil_SP_SaoPaulo_2017-12-14	Southeast	SP	NHP	14/12/2017	2017	GroupI_III
NHP_2681_Brazil_SP_SaoPaulo_2017-12-11	Southeast	SP	NHP	11/12/2017	2017	GroupI_III
NHP_2682_Brazil_SP_SaoPaulo_2017-12-11	Southeast	SP	NHP	11/12/2017	2017	GroupI_III
NHP_2683_Brazil_SP_SaoPaulo_2017-12-15	Southeast	SP	NHP	15/12/2017	2017	GroupI_III
NHP_2684_Brazil_SP_SaoPaulo_2017-12-16	Southeast	SP	NHP	16/12/2017	2017	GroupI_III
NHP_2688_Brazil_SP_SaoPaulo_2017-12-17	Southeast	SP	NHP	17/12/2017	2017	GroupI_III
NHP_2691_Brazil_SP_SaoPaulo_2017-12-08	Southeast	SP	NHP	08/12/2017	2017	GroupI_III
NHP_2694_Brazil_SP_SaoPaulo_2017-12-19	Southeast	SP	NHP	19/12/2017	2017	GroupI_III
NHP_2701_Brazil_SP_SaoPaulo_2017-12-07	Southeast	SP	NHP	07/12/2017	2017	GroupI_III
NHP_2702_Brazil_SP_SaoPaulo_2017-12-12	Southeast	SP	NHP	12/12/2017	2017	GroupI_III
NHP_2707_Brazil_SP_SaoPaulo_2017-12-12	Southeast	SP	NHP	12/12/2017	2017	GroupI_III
NHP_2708_Brazil_SP_SaoPaulo_2017-12-11	Southeast	SP	NHP	11/12/2017	2017	GroupI_III
NHP_2710_Brazil_SP_SaoPaulo_2017-12-14	Southeast	SP	NHP	14/12/2017	2017	GroupI_III
NHP_2725_Brazil_SP_SaoPaulo_2017-12-21	Southeast	SP	NHP	21/12/2017	2017	GroupI_III
NHP_2728_Brazil_SP_SaoPaulo_2017-12-21	Southeast	SP	NHP	21/12/2017	2017	GroupI_III
NHP_2731_Brazil_SP_SaoPaulo_2017-12-20	Southeast	SP	NHP	20/12/2017	2017	GroupI_III
NHP_2742_Brazil_SP_SaoPaulo_2017-12-22	Southeast	SP	NHP	22/12/2017	2017	GroupI_III
NHP_2743_Brazil_SP_SaoPaulo_2017-12-22	Southeast	SP	NHP	22/12/2017	2017	GroupI_III
NHP_2754_Brazil_SP_SaoPaulo_2017-12-26	Southeast	SP	NHP	26/12/2017	2017	GroupI_III
NHP_2776_Brazil_SP_SaoPaulo_2017-12-31	Southeast	SP	NHP	31/12/2017	2017	GroupI_III
NHP_2777_Brazil_SP_SaoPaulo_2017-12-29	Southeast	SP	NHP	29/12/2017	2017	GroupI_III
NHP_2778_Brazil_SP_SaoPaulo_2017-12-29	Southeast	SP	NHP	29/12/2017	2017	GroupI_III
NHP_2782_Brazil_SP_SaoPaulo_2017-12-27	Southeast	SP	NHP	27/12/2017	2017	GroupI_III
NHP_2784_Brazil_SP_SaoPaulo_2018-01-02	Southeast	SP	NHP	02/01/2018	2018	GroupI_III
NHP_2786_Brazil_SP_SaoPaulo_2017-12-23	Southeast	SP	NHP	23/12/2017	2017	GroupI_III
NHP_2877_Brazil_SP_SaoPaulo_2017-12-27	Southeast	SP	NHP	27/12/2017	2017	GroupI_III
NHP_3202_Brazil_SP_SaoPaulo_2018-01-15	Southeast	SP	NHP	15/01/2018	2018	GroupI_III
NHP_73553_Brazil_SP_SaoPaulo_2017-11-25	Southeast	SP	NHP	25/11/2017	2017	GroupI_III
NHP_73635_Brazil_SP_Mairipora_2017-11-28	Southeast	SP	NHP	28/11/2017	2017	GroupI_III
NHP_73816_Brazil_SP_SaoPaulo_2017-12-05	Southeast	SP	NHP	05/12/2017	2017	GroupI_III
NHP_73820_Brazil_SP_SaoPaulo_2017-12-05	Southeast	SP	NHP	05/12/2017	2017	GroupI_III
NHP_73821_Brazil_SP_SaoPaulo_2017-12-05	Southeast	SP	NHP	05/12/2017	2017	GroupI_III
NHP_73941_Brazil_SP_SaoPaulo_2017-12-08	Southeast	SP	NHP	08/12/2017	2017	GroupI_III
NHP_73943_Brazil_SP_SaoPaulo_2017-12-08	Southeast	SP	NHP	08/12/2017	2017	GroupI_III
NHP_73946_Brazil_SP_Mairipora_2017-12-08	Southeast	SP	NHP	08/12/2017	2017	GroupI_III
NHP_74142_Brazil_SP_SaoPaulo_2017-12-19	Southeast	SP	NHP	19/12/2017	2017	GroupI_III
NHP_74213_Brazil_SP_SaoPaulo_2017-12-15	Southeast	SP	NHP	15/12/2017	2017	GroupI_III
NHP_74300_Brazil_SP_SaoPaulo_2017-12-18	Southeast	SP	NHP	18/12/2017	2017	GroupI_III
NHP_74301_Brazil_SP_SaoPaulo_2017-12-19	Southeast	SP	NHP	19/12/2017	2017	GroupI_III
NHP_74327_Brazil_SP_SaoPaulo_2017-12-20	Southeast	SP	NHP	20/12/2017	2017	GroupI_III
NHP_74329_Brazil_SP_SaoPaulo_2017-12-20	Southeast	SP	NHP	20/12/2017	2017	GroupI_III
NHP_74342_Brazil_SP_SaoPaulo_2017-12-27	Southeast	SP	NHP	27/12/2017	2017	GroupI_III
NHP_74347_Brazil_SP_SaoPaulo_2017-12-21	Southeast	SP	NHP	21/12/2017	2017	GroupI_III
NHP_74348_Brazil_SP_SaoPaulo_2017-12-21	Southeast	SP	NHP	21/12/2017	2017	GroupI_III
NHP_74405_Brazil_SP_SaoPaulo_2017-12-22	Southeast	SP	NHP	22/12/2017	2017	GroupI_III
NHP_74417_Brazil_SP_SaoPaulo_2017-12-24	Southeast	SP	NHP	24/12/2017	2017	GroupI_III
NHP_74418_Brazil_SP_SaoPaulo_2017-12-24	Southeast	SP	NHP	24/12/2017	2017	GroupI_III
NHP_74427_Brazil_SP_SaoPaulo_2017-12-25	Southeast	SP	NHP	25/12/2017	2017	GroupI_III
NHP_74454_Brazil_SP_SaoPaulo_2017-12-23	Southeast	SP	NHP	23/12/2017	2017	GroupI_III
NHP_74456_Brazil_SP_SaoPaulo_2017-12-26	Southeast	SP	NHP	26/12/2017	2017	GroupI_III
NHP_74513_Brazil_SP_SaoPaulo_2017-12-27	Southeast	SP	NHP	27/12/2017	2017	GroupI_III
NHP_74631_Brazil_SP_SaoPaulo_2017-12-28	Southeast	SP	NHP	28/12/2017	2017	GroupI_III
NHP_74632_Brazil_SP_SaoPaulo_2017-12-29	Southeast	SP	NHP	29/10/2017	2017	GroupI_III
NHP_74647_Brazil_SP_SaoPaulo_2017-12-31	Southeast	SP	NHP	31/12/2017	2017	GroupI_III
NHP_74649_Brazil_SP_SaoPaulo_2017-12-31	Southeast	SP	NHP	31/12/2017	2017	GroupI_III
NHP_74718_Brazil_SP_SaoPaulo_2018-01-03	Southeast	SP	NHP	03/01/2018	2018	GroupI_III
NHP_74747_Brazil_SP_SaoPaulo_2018-01-04	Southeast	SP	NHP	04/01/2018	2018	GroupI_III
NHP_74748_Brazil_SP_SaoPaulo_2018-01-04	Southeast	SP	NHP	04/01/2018	2018	GroupI_III
NHP_74749_Brazil_SP_SaoPaulo_2018-01-04	Southeast	SP	NHP	04/01/2018	2018	GroupI_III
NHP_74786_Brazil_SP_SaoPaulo_2018-01-03	Southeast	SP	NHP	03/01/2018	2018	GroupI_III
NHP_74787_Brazil_SP_SaoPaulo_2018-01-03	Southeast	SP	NHP	03/01/2018	2018	GroupI_III
NHP_75358_Brazil_SP_Mairipora_2018-01-24	Southeast	SP	NHP	24/01/2018	2018	GroupI_III
KY861728.1_BeAn754036_PR4408_Brazil_Caibate_Brazil_Alouatta_2008-02-09	Southeast	RJ	NHP	09/02/2008	2008	Other
KY885000.2_ES-504_Brazil_Domingos_Martins-ES_Brazil_Alouatta_guariba_clamitans_2017-02-20	Southeast	ES	NHP	20/02/2017	2017	Other
KY885001.2_ES-505_Brazil_Domingos_Martins-ES_Brazil_Alouatta_guariba_clamitans_2017-02-22	Southeast	ES	NHP	22/02/2017	2017	Other
MF170968.1_3925_polyprotein_gene_complete_cds_3925_Brazil_ES_Marechal_Floriano_Brazil_Human_2017-04-13	Southeast	ES	Human	13/04/2017	2017	Other
MF170969.1_rj1930_polyprotein_gene_complete_cds_rj1930_Brazil_ES_Casimiro_de_Abreu_Brazil_Human_2017-03-18	Southeast	ES	Human	18/03/2017	2017	Other
MF170970.1_es-2487_polyprotein_gene_complete_cds_es-2487_Brazil_ES_Domingos_Martins_Brazil_Human_2017-03-21	Southeast	ES	Human	21/03/2017	2017	Other
MF170971.1_m6-590_PNH_polyprotein_gene_complete_cds_Brazil_MG_Sao_Roque_de_Minas_Brazil_Platyrrhini_2017-01-30	Southeast	MG	NHP	30/01/2017	2017	Other
MF170972.1_2992_polyprotein_gene_complete_cds_2992_Brazil_ES_Cariacica_Brazil_Human_2017-03-31	Southeast	ES	Human	31/03/2017	2017	Other
MF170973.1_3919_polyprotein_gene_complete_cds_3919_Brazil_ES_Domingos_Martins_Brazil_Human_2017-04-10	Southeast	ES	Human	10/04/2017	2017	Other
MF170974.1_2829_polyprotein_gene_complete_cds_2829_Brazil_ES_Cariacica_Brazil_Human_2017-03-29	Southeast	ES	Human	29/03/2017	2017	Other
MF170975.1_1555_polyprotein_gene_complete_cds_1555_Brazil_ES_Brejetuba_Brazil_Human_2017-03-03	Southeast	ES	Human	03/03/2017	2017	Other
MF170976.1_282_polyprotein_gene_complete_cds_282_Brazil_ES_Laranja_da_Terra_Brazil_Human_2017-01-25	Southeast	ES	Human	25/01/2017	2017	Other
MF170977.1_1122_polyprotein_gene_complete_cds_1122_Brazil_ES_Conceicao_do_Castelo_Brazil_Human_2017-02-10	Southeast	ES	Human	10/02/2017	2017	Other
MF170978.1_2841_polyprotein_gene_complete_cds_2841_Brazil_ES_Santa_Maria_de_Jetiba_Brazil_Human_2017-03-28	Southeast	ES	Human	28/03/2017	2017	Other
MF170979.1_3472_polyprotein_gene_complete_cds_3472_Brazil_ES_Santa_Maria_de_Jetiba_Brazil_Human_2017-04-06	Southeast	ES	Human	06/04/2017	2017	Other
MF170980.1_2563_polyprotein_gene_complete_cds_2563_Brazil_ES_Alfredo_Chaves_Brazil_Human_2017-03-23	Southeast	ES	Human	23/03/2017	2017	Other
MF170981.1_3495_polyprotein_gene_complete_cds_3495_Brazil_ES_Santa_Leopoldina_Brazil_Human_2017-04-05	Southeast	ES	Human	05/04/2017	2017	Other
MF185660.1_RJ-2906_Brazil_RJ_Sao_Sebastiao_do_Alto_Brazil_Platyrrhini_2017-01-25	Southeast	RJ	NHP	25/01/2017	2017	Other
MF370530.1_BeAr843721_Brazil_Brazil_Haemagogus_janthinomys_2017-01-15	Southeast	MG	Mosq	15/01/2017	2017	Other
MF370531.1_ESS1115-H844801_Brazil_Brazil_Human_2017-02-28	Southeast	ES	Human	28/02/2017	2017	Other
MF370532.1_MIG2482-H843297_Brazil_Brazil_Human_2017-01-10	Southeast	MG	Human	10/01/2017	2017	Other
MF370533.1_MIG2484-H843301_Brazil_Brazil_Human_2017-01-11	Southeast	MG	Human	11/01/2017	2017	Other
MF370534.1_PR5782-BeAn838691_Brazil_Brazil_Callithrix_penicillata_2016-04-05	Southeast	MG	NHP	05/04/2016	2016	Other
MF370535.1_PR5818-BeAn841176_Brazil_Brazil_Alouatta_sp._2016-08-30	Southeast	MG	NHP	30/08/2016	2016	Other
MF370536.1_PR5819-BeAn841178_Brazil_Brazil_Alouatta_sp._2016-09-02	Southeast	MG	NHP	02/09/2016	2016	Other
MF370537.1_PR5841-BeAn843345_Brazil_Brazil_Simiiformes_2017-01-17	Southeast	ES	NHP	17/01/2017	2017	Other
MF370538.1_PR5873-BeAn843840_Brazil_Brazil_Callithrix_penicillata_2017-01-20	Southeast	MG	NHP	20/01/2017	2017	Other
MF370540.1_PR5892-BeAn844358_Brazil_Brazil_Alouatta_seniculus_2017-02-25	North	RO	NHP	25/02/2017	2017	Other
MF370541.1_PR5908-BeAn844641_Brazil_Brazil_Alouatta_sp._2017-02-28	North	PA	NHP	28/02/2017	2017	Other
MF370543.1_PR5937-BeAn845130_Brazil_Brazil_Alouatta_sp._2017-03-03	CentreWest	MT	NHP	03/03/2017	2017	Other
MF370545.1_PR5952-BeAn845405_Brazil_Brazil_Aotus_azarai_2017-04-05	North	PA	NHP	05/04/2017	2017	Other
MF370546.1_PR5953-BeAn845409_Brazil_Brazil_Alouatta_caraya_2017-04-05	North	PA	NHP	05/04/2017	2017	Other
MF370547.1_RJPR2910_Brazil_Brazil_Alouatta_sp._2017-03-27	Southeast	RJ	NHP	27/03/2017	2017	Other
MF370548.1_RJPR4867_Brazil_Brazil_Alouatta_sp._2017-04-20	Southeast	RJ	NHP	20/04/2017	2017	Other
MF370549.1_BeAn820890_Brazil_Brazil_Simiiformes_2015-08-26	Southeast	MG	NHP	26/08/2015	2015	Other
MF423373.2_PA193_Brazil_Paraju_Domingos_Martins_-_ES_Brazil_Haemagogus_leucocelaenus_2017-02-21	Southeast	ES	Mosq	21/02/2017	2017	Other
MF423374.2_PA196_Brazil_Paraju_Domingos_Martins_-_ES_Brazil_Haemagogus_janthinomys_2017-02-23	Southeast	ES	Mosq	23/02/2017	2017	Other
MF423375.2_RJ87_Brazil_Macae_Atalaia_-_RJ_Brazil_Alouatta_guariba_clamitans_2017-04-04	Southeast	RJ	NHP	04/04/2017	2017	Other
MF423376.2_RJ94_Brazil_Macae_Sana_-_RJ_Brazil_Alouatta_guariba_clamitans_2017-04-13	Southeast	RJ	NHP	13/04/2017	2017	Other
MF423377.2_RJ95_Brazil_Carmo_-_RJ_Brazil_Alouatta_guariba_clamitans_2017-04-19	Southeast	RJ	NHP	19/04/2017	2017	Other
MF423378.2_RJ96_Brazil_Santa_Fe_Carmo_-_RJ_Brazil_Alouatta_guariba_clamitans_2017-04-19	Southeast	RJ	NHP	19/04/2017	2017	Other
MF434851.2_H199_Brazil_Casimiro_de_Abreu-RJ_Brazil_Human_2017-04-25	Southeast	RJ	Human	25/04/2017	2017	Other
MF465805.1_YFV112_Brazil_Brazil_Human_2017-01-17	Southeast	SP	Human	17/01/2017	2017	Other
MF538782.2_H190_Brazil_Sao_Fidelis-RJ_Brazil_Human_2017-03-16	Southeast	RJ	Human	16/03/2017	2017	Other
MF538783.2_H191_Brazil_Casimiro_de_Abreu-RJ_Brazil_Human_2017-03-18	Southeast	RJ	Human	18/03/2017	2017	Other
MF538784.2_H196_Brazil_Porciuncula-RJ_Brazil_Human_2017-02-26	Southeast	RJ	Human	26/02/2017	2017	Other
MF538785.2_RJ97_Brazil_Araras_Petropolis_-_RJ_Brazil_marmosets_2017-04-21	Southeast	RJ	NHP	21/04/2017	2017	Other
MF538786.2_RJ104_Brazil_Guapimirim_-_RJ_Brazil_marmosets_2017-06-05	Southeast	RJ	NHP	05/06/2017	2017	Other
MG550109.2_H189_partial_genome_Brazil:Bananal_Marica_-_RJ_Brazil_Human_2017-04-18	Southeast	RJ	Human	18/04/2017	2017	Other
MH018064.1_YFV/Monkey/Brazil/2017/M5_Brazil_Minas_Gerais_Santa_Rita_de_Caldas_Brazil_Alouatta_sp._2017-02-15	Southeast	MG	NHP	15/02/2017	2017	Other
MH018065.1_YFV/Monkey/Brazil/2017/M7_Brazil_Minas_Gerais_Delfinopolis_Brazil_Cebidae_2017-02-14	Southeast	MG	NHP	14/02/2017	2017	Other
MH018066.1_YFV/Monkey/Brazil/2017/M9_Brazil_Minas_Gerais_Ouro_Fino_Brazil_Alouatta_sp._2017-02-15	Southeast	MG	NHP	15/02/2017	2017	Other
MH018067.1_YFV/Monkey/Brazil/2017/M11_Brazil_Minas_Gerais_Caldas_Brazil_Cebidae_2017-02-13	Southeast	MG	NHP	13/02/2017	2017	Other
MH018068.1_YFV/Human/Brazil/2017/M16_polyprotein_gene_partial_cds_YFV/Human/Brazil/2017/M16_Brazil_Minas_Gerais_Caratinga_Brazil_Human_2017-01-09	Southeast	MG	Human	09/01/2017	2017	Other
MH018069.1_YFV/Human/Brazil/2017/M17_polyprotein_gene_partial_cds_YFV/Human/Brazil/2017/M17_Brazil_Minas_Gerais_Ladainha_Brazil_Human_2017-01-14	Southeast	MG	Human	14/01/2017	2017	Other
MH018070.1_YFV/Human/Brazil/2017/M18_polyprotein_gene_partial_cds_YFV/Human/Brazil/2017/M18_Brazil_Minas_Gerais_Itambacuri_Brazil_Human_2017-01-21	Southeast	MG	Human	21/01/2017	2017	Other
MH018071.1_YFV/Human/Brazil/2017/M25_polyprotein-like_gene_partial_sequence_YFV/Human/Brazil/2017/M25_Brazil_Minas_Gerais_Novo_Cruzeiro_Brazil_Human_2017-01-25	Southeast	MG	Human	25/01/2017	2017	Other
MH018072.1_YFV/Human/Brazil/2017/M26_polyprotein_gene_partial_cds_YFV/Human/Brazil/2017/M26_Brazil_Minas_Gerais_Itambacuri_Brazil_Human_2017-01-07	Southeast	MG	Human	07/01/2017	2017	Other
MH018073.1_YFV/Human/Brazil/2017/M35_polyprotein_gene_partial_cds_YFV/Human/Brazil/2017/M35_Brazil_Minas_Gerais_Teofilo_Otoni_Brazil_Human_2017-01-20	Southeast	MG	Human	20/01/2017	2017	Other
MH018074.1_YFV/Human/Brazil/2017/M36_polyprotein_gene_partial_cds_YFV/Human/Brazil/2017/M36_Brazil_Minas_Gerais_Novo_Cruzeiro_Brazil_Human_2017-01-14	Southeast	MG	Human	14/01/2017	2017	Other
MH018075.1_YFV/Human/Brazil/2017/M43_polyprotein_gene_partial_cds_YFV/Human/Brazil/2017/M43_Brazil_Minas_Gerais_Pote_Brazil_Human_2017-01-18	Southeast	MG	Human	18/01/2017	2017	Other
MH018076.1_YFV/Human/Brazil/2017/M47_polyprotein_gene_partial_cds_YFV/Human/Brazil/2017/M47_Brazil_Minas_Gerais_Setubinha_Brazil_Human_2017-01-19	Southeast	MG	Human	19/01/2017	2017	Other
MH018077.1_YFV/Human/Brazil/2017/M48_polyprotein_gene_partial_cds_YFV/Human/Brazil/2017/M48_Brazil_Minas_Gerais_Ladainha_Brazil_Human_2017-01-07	Southeast	MG	Human	07/01/2017	2017	Other
MH018078.1_YFV/Human/Brazil/2017/M51_polyprotein_gene_partial_cds_YFV/Human/Brazil/2017/M51_Brazil_Minas_Gerais_Novo_Cruzeiro_Brazil_Human_2017-01-18	Southeast	MG	Human	18/01/2017	2017	Other
MH018079.1_YFV/Human/Brazil/2017/M58_polyprotein_gene_partial_cds_YFV/Human/Brazil/2017/M58_Brazil_Minas_Gerais_Itambacuri_Brazil_Human_2017-01-28	Southeast	MG	Human	28/01/2017	2017	Other
MH018080.1_YFV/Human/Brazil/2017/M68_polyprotein_gene_partial_cds_YFV/Human/Brazil/2017/M68_Brazil_Minas_Gerais_Ladainha_Brazil_Human_2017-01-28	Southeast	MG	Human	28/01/2017	2017	Other
MH018081.1_YFV/Monkey/Brazil/2017/M73_Brazil_Minas_Gerais_Aguanil_Brazil_Cebidae_2017-02-22	Southeast	MG	NHP	22/02/2017	2017	Other
MH018082.1_YFV/Monkey/Brazil/2017/M78_Brazil_Minas_Gerais_Claraval_Brazil_Callithrix_sp._2017-02-20	Southeast	MG	NHP	20/02/2017	2017	Other
MH018083.1_YFV/Monkey/Brazil/2017/M79_Brazil_Minas_Gerais_Abre_Campo_Brazil_Alouatta_sp._2017-02-17	Southeast	MG	NHP	17/02/2017	2017	Other
MH018084.1_YFV/Monkey/Brazil/2017/M83_Brazil_Minas_Gerais_Ladainha_Brazil_Callithrix_sp._2017-02-09	Southeast	MG	NHP	09/02/2017	2017	Other
MH018085.1_YFV/Human/Brazil/2017/M94_polyprotein_gene_partial_cds_YFV/Human/Brazil/2017/M94_Brazil_Minas_Gerais_Imbe_de_Minas_Brazil_Human_2017-01-13	Southeast	MG	Human	13/01/2017	2017	Other
MH018086.1_YFV/Human/Brazil/2017/M96_polyprotein_gene_partial_cds_YFV/Human/Brazil/2017/M96_Brazil_Minas_Gerais_Ladainha_Brazil_Human_2017-01-19	Southeast	MG	Human	19/01/2017	2017	Other
MH018087.1_YFV/Human/Brazil/2017/M98_polyprotein_gene_partial_cds_YFV/Human/Brazil/2017/M98_Brazil_Minas_Gerais_Teofilo_Otoni_Brazil_Human_2017-01-10	Southeast	MG	Human	10/01/2017	2017	Other
MH018088.1_YFV/Human/Brazil/2017/M99_polyprotein_gene_partial_cds_YFV/Human/Brazil/2017/M99_Brazil_Minas_Gerais_Teofilo_Otoni_Brazil_Human_2017-01-21	Southeast	MG	Human	21/01/2017	2017	Other
MH018089.1_YFV/Human/Brazil/2017/M100_polyprotein_gene_partial_cds_YFV/Human/Brazil/2017/M100_Brazil_Minas_Gerais_Ladainha_Brazil_Human_2017-01-02	Southeast	MG	Human	02/01/2017	2017	Other
MH018090.1_YFV/Human/Brazil/2017/M105_polyprotein_gene_partial_cds_YFV/Human/Brazil/2017/M105_Brazil_Minas_Gerais_Caratinga_Brazil_Human_2017-01-12	Southeast	MG	Human	12/01/2017	2017	Other
MH018091.1_YFV/Human/Brazil/2017/M107_polyprotein_gene_partial_cds_YFV/Human/Brazil/2017/M107_Brazil_Minas_Gerais_Novo_Cruzeiro_Brazil_Human_2017-01-30	Southeast	MG	Human	30/01/2017	2017	Other
MH018092.1_YFV/Human/Brazil/2017/M123_polyprotein_gene_partial_cds_YFV/Human/Brazil/2017/M123_Brazil_Minas_Gerais_Itambacuri_Brazil_Human_2017-01-27	Southeast	MG	Human	27/01/2017	2017	Other
MH018093.1_YFV/Human/Brazil/2017/M138_polyprotein_gene_partial_cds_YFV/Human/Brazil/2017/M138_Brazil_Minas_Gerais_Santa_Barbara_Leste_Brazil_Human_2017-01-20	Southeast	MG	Human	20/01/2017	2017	Other
MH018094.1_YFV/Human/Brazil/2017/M164_polyprotein_gene_partial_cds_YFV/Human/Brazil/2017/M164_Brazil_Minas_Gerais_Simonesia_Brazil_Human_2017-01-30	Southeast	MG	Human	30/01/2017	2017	Other
MH018095.1_YFV/Monkey/Brazil/2017/M210_Brazil_Minas_Gerais_Sabinopolis_Brazil_Callithrix_sp._2017-01-19	Southeast	MG	NHP	19/01/2017	2017	Other
MH018096.1_YFV/Monkey/Brazil/2017/M211_Brazil_Minas_Gerais_Jose_Raydan_Brazil_Alouatta_sp._2017-01-13	Southeast	MG	NHP	13/01/2017	2017	Other
MH018097.1_YFV/Monkey/Brazil/2017/M216_Brazil_Minas_Gerais_Luisburgo_Brazil_Callicebus_sp._2017-01-25	Southeast	MG	NHP	25/01/2017	2017	Other
MH018098.1_YFV/Monkey/Brazil/2017/M217_Brazil_Minas_Gerais_Chapada_Gaucha_Brazil_Cebidae_2017-01-25	Southeast	MG	NHP	25/01/2017	2017	Other
MH018099.1_YFV/Monkey/Brazil/2017/M218_Brazil_Bahia_Cordeiros_Brazil_Primates_2017-03-10	Northeast	BA	NHP	10/03/2017	2017	Other
MH018102.1_YFV/Monkey/Brazil/2017/438_Brazil_Espirito_Santo_Domingos_Martins_Brazil_Primates_2017-01-31	Southeast	ES	NHP	31/01/2017	2017	Other
MH018103.1_YFV/Human/Brazil/2017/460_polyprotein_gene_partial_cds_YFV/Human/Brazil/2017/460_Brazil_Minas_Gerais_Novo_Cruzeiro_Brazil_Human_2017-01-30	Southeast	MG	Human	30/01/2017	2017	Other
MH018104.1_YFV/Human/Brazil/2017/465_polyprotein_gene_partial_cds_YFV/Human/Brazil/2017/465_Brazil_Minas_Gerais_Itambacuri_Brazil_Human_2017-01-30	Southeast	MG	Human	30/01/2017	2017	Other
MH018105.1_YFV/Human/Brazil/2017/480_polyprotein_gene_partial_cds_YFV/Human/Brazil/2017/480_Brazil_Minas_Gerais_Teofilo_Otoni_Brazil_Human_2017-01-28	Southeast	MG	Human	28/01/2017	2017	Other
MH018106.1_YFV/Monkey/Brazil/2017/532_Brazil_Minas_Gerais_Coronel_Murta_Brazil_Alouatta_sp._2017-01-13	Southeast	MG	NHP	13/01/2017	2017	Other
MH018107.1_YFV/Human/Brazil/2017/1536_polyprotein_gene_partial_cds_YFV/Human/Brazil/2017/1536_Brazil_Espirito_Santo_Vitoria_Brazil_Human_2017-02-22	Southeast	ES	Human	22/02/2017	2017	Other
MH018108.1_YFV/Human/Brazil/2017/1818_polyprotein_gene_partial_cds_YFV/Human/Brazil/2017/1818_Brazil_Espirito_Santo_Cariacica_Brazil_Human_2017-03-10	Southeast	ES	Human	10/03/2017	2017	Other
MH018109.1_YFV/Monkey/Brazil/2017/2109_Brazil_Espirito_Santo_Cariacica_Brazil_Alouatta_sp._2017-03-08	Southeast	ES	NHP	08/03/2017	2017	Other
MH018110.1_YFV/Monkey/Brazil/2017/2115_Brazil_Espirito_Santo_Cariacica_Brazil_Callithrix_sp._2017-03-09	Southeast	ES	NHP	09/03/2017	2017	Other
MH018111.1_YFV/Human/Brazil/2017/3919_polyprotein_gene_partial_cds_YFV/Human/Brazil/2017/3919_Brazil_Espirito_Santo_Domingos_Martins_Brazil_Human_2017-04-10	Southeast	ES	Human	10/04/2017	2017	Other
MH018112.1_YFV/Monkey/Brazil/2017/4278_Brazil_Rio_de_Janeiro_Marica_Brazil_Alouatta_sp._2017-04-17	Southeast	RJ	NHP	17/04/2017	2017	Other
MH018113.1_YFV/Human/Brazil/2017/4480_polyprotein_gene_partial_cds_YFV/Human/Brazil/2017/4480_Brazil_Rio_de_Janeiro_Casimiro_de_Abreu_Brazil_Human_2017-04-22	Southeast	RJ	Human	22/04/2017	2017	Other
MH018114.1_YFV/Monkey/Brazil/2017/8_Brazil_Espirito_Santo_Itarana_Brazil_Primates_2017-01-24	Southeast	ES	NHP	24/01/2017	2017	Other
MH018115.1_YFV/Monkey/Brazil/2017/11_Brazil_Espirito_Santo_Venda_Nova_do_Imigrante_Brazil_Primates_2017-01-24	Southeast	ES	NHP	24/01/2017	2017	Other
MH030049.1_YFV/Monkey/Brazil/2017/Y1_Brazil_Sao_Paulo_Vinhedo_Brazil_Callithrix_sp._2017-08-17	Southeast	SP	NHP	17/08/2017	2017	Other
MH030050.1_YFV/Monkey/Brazil/2017/Y2_Brazil_Sao_Paulo_Louveira_Brazil_Callicebus_sp._2017-08-16	Southeast	SP	NHP	16/08/2017	2017	Other
MH030051.1_YFV/Monkey/Brazil/2017/Y3_Brazil_Sao_Paulo_Louveira_Brazil_Alouatta_sp._2017-09	Southeast	SP	NHP	15/09/2017	2017	Other
MH030052.1_YFV/Monkey/Brazil/2017/Y4_Brazil_Sao_Paulo_Louveira_Brazil_Alouatta_sp._2017-09	Southeast	SP	NHP	15/09/2017	2017	Other
MH030053.1_YFV/Monkey/Brazil/2017/Y5_Brazil_Sao_Paulo_Itatiba_Brazil_Alouatta_sp._2017-08-30	Southeast	SP	NHP	30/08/2017	2017	Other
MH030054.1_YFV/Monkey/Brazil/2017/Y6_Brazil_Sao_Paulo_Jundiai_Brazil_Alouatta_sp._2017-09-15	Southeast	SP	NHP	15/09/2017	2017	Other
MH030055.1_YFV/Monkey/Brazil/2017/Y7_Brazil_Sao_Paulo_Jundiai_Brazil_Alouatta_sp._2017-09-11	Southeast	SP	NHP	11/09/2017	2017	Other
MH030056.1_YFV/Monkey/Brazil/2017/Y8_Brazil_Sao_Paulo_Jundiai_Brazil_Alouatta_sp._2017-09-12	Southeast	SP	NHP	12/09/2017	2017	Other
MH030057.1_YFV/Monkey/Brazil/2017/Y9_Brazil_Sao_Paulo_Braganca_Paulista_Brazil_Alouatta_sp._2017-09-27	Southeast	SP	NHP	27/09/2017	2017	Other
MH030058.1_YFV/Monkey/Brazil/2017/Y10_Brazil_Sao_Paulo_Itatiba_Brazil_Alouatta_sp._2017-09-26	Southeast	SP	NHP	26/09/2017	2017	Other
MH030059.1_YFV/Monkey/Brazil/2017/Y11_Brazil_Sao_Paulo_Itatiba_Brazil_Alouatta_sp._2017-09-21	Southeast	SP	NHP	21/09/2017	2017	Other
MH030060.1_YFV/Monkey/Brazil/2017/Y12_Brazil_Sao_Paulo_Itatiba_Brazil_Alouatta_sp._2017-09-27	Southeast	SP	NHP	27/09/2017	2017	Other
MH030061.1_YFV/Monkey/Brazil/2017/Y13_Brazil_Sao_Paulo_Itatiba_Brazil_Alouatta_sp._2017-09-21	Southeast	SP	NHP	21/09/2017	2017	Other
MH030062.1_YFV/Monkey/Brazil/2017/Y14_Brazil_Sao_Paulo_Itatiba_Brazil_Alouatta_sp._2017-09-19	Southeast	SP	NHP	19/09/2017	2017	Other
MH030063.1_YFV/Monkey/Brazil/2017/Y15_Brazil_Sao_Paulo_Itatiba_Brazil_Alouatta_sp._2017-10	Southeast	SP	NHP	15/10/2017	2017	Other
MH030064.1_YFV/Monkey/Brazil/2017/Y16_Brazil_Sao_Paulo_Jundiai_Brazil_Alouatta_sp._2017-10	Southeast	SP	NHP	15/10/2017	2017	Other
MH030065.1_YFV/Monkey/Brazil/2017/Y17_Brazil_Sao_Paulo_Jundiai_Brazil_Alouatta_sp._2017-10	Southeast	SP	NHP	15/10/2017	2017	Other
MH030066.1_YFV/Monkey/Brazil/2017/Y18_Brazil_Sao_Paulo_Jundiai_Brazil_Alouatta_sp._2017-10	Southeast	SP	NHP	15/10/2017	2017	Other
MH030067.1_YFV/Monkey/Brazil/2017/Y19_Brazil_Sao_Paulo_Jundiai_Brazil_Alouatta_sp._2017-10	Southeast	SP	NHP	15/10/2017	2017	Other
MH030068.1_YFV/Monkey/Brazil/2017/Y20_Brazil_Sao_Paulo_Jundiai_Brazil_Alouatta_sp._2017-10	Southeast	SP	NHP	15/10/2017	2017	Other
MH030070.1_YFV/Monkey/Brazil/2017/Y22_Brazil_Sao_Paulo_Campo_Limpo_Paulista_Brazil_Alouatta_sp._2017-10-19	Southeast	SP	NHP	19/10/2017	2017	Other
MH030071.1_YFV/Monkey/Brazil/2017/Y23_Brazil_Sao_Paulo_Campo_Limpo_Paulista_Brazil_Alouatta_sp._2017-10-18	Southeast	SP	NHP	18/10/2017	2017	Other
MH030072.1_YFV/Monkey/Brazil/2017/Y24_Brazil_Sao_Paulo_Jarinu_Brazil_Alouatta_sp._2017-10	Southeast	SP	NHP	15/10/2017	2017	Other
MH030073.1_YFV/Monkey/Brazil/2017/Y25_Brazil_Sao_Paulo_Mairipora_Brazil_Alouatta_sp._2017-10-18	Southeast	SP	NHP	18/10/2017	2017	Other
MH030074.1_YFV/Monkey/Brazil/2017/Y26_Brazil_Sao_Paulo_Jarinu_Brazil_Alouatta_sp._2017-10-18	Southeast	SP	NHP	18/10/2017	2017	Other
MH030075.1_YFV/Monkey/Brazil/2017/Y27_Brazil_Sao_Paulo_Jarinu_Brazil_Alouatta_sp._2017-10	Southeast	SP	NHP	15/10/2017	2017	Other
MH030076.1_YFV/Monkey/Brazil/2017/Y28_Brazil_Sao_Paulo_Jarinu_Brazil_Alouatta_sp._2017-10	Southeast	SP	NHP	15/10/2017	2017	Other
MH030077.1_YFV/Monkey/Brazil/2017/Y29_Brazil_Sao_Paulo_Jarinu_Brazil_Alouatta_sp._2017-10	Southeast	SP	NHP	15/10/2017	2017	Other
MH030078.1_YFV/Monkey/Brazil/2017/Y30_Brazil_Sao_Paulo_Morungaba_Brazil_Alouatta_sp._2017-10	Southeast	SP	NHP	15/10/2017	2017	Other
MH030079.1_YFV/Monkey/Brazil/2017/Y31_Brazil_Sao_Paulo_Nazare_Paulista_Brazil_Alouatta_sp._2017-11	Southeast	SP	NHP	15/11/2017	2017	Other
MH030080.1_YFV/Monkey/Brazil/2017/Y32_Brazil_Sao_Paulo_Nazare_Paulista_Brazil_Alouatta_sp._2017-11	Southeast	SP	NHP	15/11/2017	2017	Other
MH030081.1_YFV/Monkey/Brazil/2017/Y33_Brazil_Sao_Paulo_Campo_Limpo_Brazil_Alouatta_sp._2017-11	Southeast	SP	NHP	15/11/2017	2017	Other
MH030082.1_YFV/Monkey/Brazil/2017/Y34_Brazil_Sao_Paulo_Campo_Limpo_Brazil_Alouatta_sp._2017-11	Southeast	SP	NHP	15/11/2017	2017	Other
MH030083.1_YFV/Monkey/Brazil/2017/Y35_Brazil_Sao_Paulo_Campo_Limpo_Brazil_Alouatta_sp._2017-11	Southeast	SP	NHP	15/11/2017	2017	Other
MH030084.1_YFV/Monkey/Brazil/2017/Y36_Brazil_Sao_Paulo_Piracaia_Brazil_Alouatta_sp._2017-11	Southeast	SP	NHP	15/11/2017	2017	Other
MH030085.1_YFV/Monkey/Brazil/2017/Y37_Brazil_Sao_Paulo_Piracaia_Brazil_Alouatta_sp._2017-11	Southeast	SP	NHP	15/11/2017	2017	Other
MH030086.1_YFV/Monkey/Brazil/2017/Y38_Brazil_Sao_Paulo_Piracaia_Brazil_Alouatta_sp._2017-11	Southeast	SP	NHP	15/11/2017	2017	Other
MH030087.1_YFV/Human/Brazil/2017/Y39_polyprotein_gene_partial_cds_YFV/Human/Brazil/2017/Y39_Brazil_Sao_Paulo_Americana_Brazil_Human_2017-04-26	Southeast	SP	Human	26/04/2017	2017	Other
MH030088.1_YFV/Human/Brazil/2017/Y40_polyprotein_gene_partial_cds_YFV/Human/Brazil/2017/Y40_Brazil_Sao_Paulo_Tuiuti_Brazil_Human_2017-05-03	Southeast	SP	Human	03/05/2017	2017	Other
MH030089.1_YFV/Human/Brazil/2017/Y41_polyprotein_gene_partial_cds_YFV/Human/Brazil/2017/Y41_Brazil_Sao_Paulo_Sao_Joao_Boa_Vista_Brazil_Human_2017-05-03	Southeast	SP	Human	03/05/2017	2017	Other
MH030090.1_YFV/Human/Brazil/2017/Y42_polyprotein_gene_partial_cds_YFV/Human/Brazil/2017/Y42_Brazil_Sao_Paulo_Sao_Joao_Boa_Vista_Brazil_Human_2017-05-02	Southeast	SP	Human	02/05/2017	2017	Other
MH030091.1_YFV/Human/Brazil/2017/Y43_polyprotein-like_gene_partial_sequence_YFV/Human/Brazil/2017/Y43_Brazil_Sao_Paulo_Campinas_Brazil_Human_2017-05-29	Southeast	SP	Human	29/05/2017	2017	Other
MH193173.1_YFV/Monkey/Brazil/2018/SA129_Brazil_Sao_Paulo_Guarulhos_Brazil_Alouatta_sp._2018-01-09	Southeast	SP	NHP	09/01/2018	2018	Other
MH193174.1_YFV/Human/Brazil/2018/S130_polyprotein_gene_partial_cds_YFV/Human/Brazil/2018/S130_Brazil_Sao_Paulo_Mairipora_Brazil_Human_2018-01-09	Southeast	SP	Human	09/01/2018	2018	Other
MH193175.1_YFV/Monkey/Brazil/2018/SA131_Brazil_Sao_Paulo_Sao_Paulo_Zoologico_Brazil_Alouatta_sp._2018-02-01	Southeast	SP	NHP	01/02/2018	2018	Other
MH329655.1_SA39_Brazil_Brazil_Aedes_albopictus_2018-01-29	Southeast	MG	Mosq	29/01/2018	2018	Other
MH378284.1_Brazil_2017_polyprotein_gene_partial_cds_Brazil_2017_Brazil_Brazil_Human_2017	NA	NA	Human	2017	2017	Other
MH484423.1_YFV/Monkey/Brazil/2017/RJ143_Brazil_Minas_Gerais_Jose_Raydan_Brazil_Callithrix_sp._2017-01-24	Southeast	MG	NHP	24/01/2017	2017	Other
MH484424.1_YFV/Human/Brazil/2017/RJ148_polyprotein_gene_partial_cds_YFV/Human/Brazil/2017/RJ148_Brazil_Minas_Gerais_Teofilo_Otoni_Brazil_Human_2017-01-24	Southeast	MG	Human	24/01/2017	2017	Other
MH484425.1_YFV/Human/Brazil/2017/RJ150_polyprotein_gene_partial_cds_YFV/Human/Brazil/2017/RJ150_Brazil_Minas_Gerais_Teofilo_Otoni_Brazil_Human_2017-01-27	Southeast	MG	Human	27/01/2017	2017	Other
MH484426.1_YFV/Monkey/Brazil/2017/RJ151_Brazil_Minas_Gerais_Itamarandiba_Brazil_Simiiformes_2017-01-13	Southeast	MG	NHP	13/01/2017	2017	Other
MH484427.1_YFV/Monkey/Brazil/2017/RJ153_Brazil_Minas_Gerais_Felicio_dos_Santos_Brazil_Callithrix_sp._2017-01-24	Southeast	MG	NHP	24/01/2017	2017	Other
MH484428.1_YFV/Human/Brazil/2017/RJ157_polyprotein_gene_partial_cds_YFV/Human/Brazil/2017/RJ157_Brazil_Minas_Gerais_Teofilo_Otoni_Brazil_Human_2017-02-05	Southeast	MG	Human	05/02/2017	2017	Other
MH484429.1_YFV/Monkey/Brazil/2017/RJ162_Brazil_Minas_Gerais_Chapada_Gaucha_Brazil_Callithrix_sp._2017-02-03	Southeast	MG	NHP	03/02/2017	2017	Other
MH484430.1_YFV/Monkey/Brazil/2017/RJ163_Brazil_Minas_Gerais_Sacramento_Brazil_Callithrix_sp._2017-02-09	Southeast	MG	NHP	09/02/2017	2017	Other
MH484431.1_YFV/Monkey/Brazil/2017/RJ164_Brazil_Minas_Gerais_Juatuba_Brazil_Simiiformes_2017-02-14	Southeast	MG	NHP	14/02/2017	2017	Other
MH484432.1_YFV/Monkey/Brazil/2017/RJ168_Brazil_Minas_Gerais_Bom_Jesus_do_Galho_Brazil_Alouatta_sp._2017-01-23	Southeast	MG	NHP	23/01/2017	2017	Other
MH484433.1_YFV/Monkey/Brazil/2017/RJ171_Brazil_Minas_Gerais_Sao_Roque_de_Minas_Brazil_Simiiformes_2017-02-03	Southeast	MG	NHP	03/02/2017	2017	Other
MH484434.1_YFV/Human/Brazil/2017/RJ185_polyprotein_gene_partial_cds_YFV/Human/Brazil/2017/RJ185_Brazil_Minas_Gerais_Sao_Joao_Evangelista_Brazil_Human_2017-01-22	Southeast	MG	Human	22/01/2017	2017	Other
MH560359.1_human/MG/2017_human/MG/2017_Brazil_Brazil_Human_2017-01	Southeast	MG	Human	15/01/2017	2017	Other
MK089775.1_MR1356_polyprotein_gene_complete_cds_Brazil_Marica_-_RJ_Brazil_Ochlerotatus_taeniorhynchus_2017-05-06	Southeast	RJ	Mosq	06/05/2017	2017	Other
MK249065.1_Yellow_fever_virus_polyprotein_gene_partial_cds_377_IV_MinasGerais_PadreParaiso_2017_Brazil_Brazil_Human_2017-02	Southeast	MG	Human	15/02/2017	2017	Other
MK333798.1_ABR1005_Brazil_Sao_Paulo_-_SP_Brazil_Human_2018-01-08	Southeast	SP	Human	08/01/2018	2018	Other
MK333799.1_ABR1009_Brazil_Sao_Paulo_-_SP_Brazil_Human_2018-01-08	Southeast	SP	Human	08/01/2018	2018	Other
MK333800.1_ES03_Brazil_Domingos_Martins_-_ES_Brazil_Alouatta_guariba_clamitans_2017-02-20	Southeast	ES	NHP	20/02/2017	2017	Other
MK333801.1_ES2682_Brazil_Santa_Leopoldina_-_ES_Brazil_Haemagogus_janthinomys_2017-04-05	Southeast	ES	Mosq	05/04/2017	2017	Other
MK333802.1_ES2750_Brazil_Santa_Leopoldina_-_ES_Brazil_Haemagogus_leucocelaenus_2017-04-05	Southeast	ES	Mosq	05/04/2017	2017	Other
MK333803.1_GO05_Brazil_Nova_Crixas_-_GO_Brazil_Alouatta_caraya_2017-04-20	CentreWest	GO	NHP	20/04/2017	2017	Other
MK333804.1_GO27_Brazil_Novo_Brasil_-_GO_Brazil_Sapajus_libidinosus_2015-08-17	CentreWest	GO	NHP	17/08/2015	2015	Other
MK333805.1_IG3036_polyprotein_gene_complete_cds_Brazil_Ilha_Grande_-_RJ_Brazil_Sabethes_chloropterus_2018-02-07	Southeast	RJ	Mosq	07/02/2018	2018	Other
MK333806.1_JF2793_Brazil_Juiz_de_Fora_-_MG_Brazil_Haemagogus_janthinomys_2018-01-27	Southeast	MG	Mosq	27/01/2018	2018	Other
MK333807.1_MG3121_Brazil_Belmiro_Braga_-_MG_Brazil_Haemagogus_leucocelaenus_2018-01-18	Southeast	MG	NHP	18/01/2018	2018	Other
MK333808.1_MG3155_Brazil_Belmiro_Braga_-_MG_Brazil_Haemagogus_janthinomys_2018-01-29	Southeast	MG	Mosq	29/01/2018	2018	Other
MK333809.1_VL2926_Brazil_Valenca_-_RJ_Brazil_Haemagogus_janthinomys_2018-01-19	Southeast	RJ	Mosq	19/01/2018	2018	Other
MK533792.1_RJ_155_Brazil_Casimiro_de_Abreu-RJ_Brazil_Alouatta_guariba_clamitans_2019-01-10	Southeast	RJ	NHP	10/01/2019	2019	Other
MK583147.1_YFV003FIG_YFV003FIG_Brazil_Sao_Paulo_Mairipora_Brazil_Human_2018-01-12	Southeast	SP	Human	12/01/2018	2018	Other
MK583148.1_YFV004FIG_YFV004FIG_Brazil_Sao_Paulo_Mairipora_Brazil_Human_2018-01-13	Southeast	SP	Human	13/01/2018	2018	Other
MK583149.1_YFV005FIG_YFV005FIG_Brazil_Sao_Paulo_Sao_Paulo_Brazil_Human_2018-01-16	Southeast	SP	Human	16/01/2018	2018	Other
MK583150.1_YFV007FIG_YFV007FIG_Brazil_Sao_Paulo_Itaquaquecetuba_Brazil_Human_2018-01-15	Southeast	SP	Human	15/01/2018	2018	Other
MK583151.1_YFV008FIG_YFV008FIG_Brazil_Sao_Paulo_Mairipora_Brazil_Human_2018-01-15	Southeast	SP	Human	15/01/2018	2018	Other
MK583152.1_YFV010FIG_YFV010FIG_Brazil_Sao_Paulo_Ibiuna_Brazil_Human_2017-01-16	Southeast	SP	Human	16/01/2017	2017	Other
MK583153.1_YFV015FIG_YFV015FIG_Brazil_Sao_Paulo_Mairipora_Brazil_Human_2018-01-20	Southeast	SP	Human	20/01/2018	2018	Other
MK583154.1_YFV016FIG_YFV016FIG_Brazil_Sao_Paulo_Sao_Paulo_Brazil_Human_2018-01-21	Southeast	SP	Human	21/01/2018	2018	Other
MK583155.1_YFV018FIG_YFV018FIG_Brazil_Sao_Paulo_Mairipora_Brazil_Human_2018-01-22	Southeast	SP	Human	22/01/2018	2018	Other
MK583156.1_YFV020FIG_YFV020FIG_Brazil_Sao_Paulo_Atibaia_Brazil_Human_2018-01-23	Southeast	SP	Human	23/01/2018	2018	Other
MK583157.1_YFV021FIG_YFV021FIG_Brazil_Sao_Paulo_Guarulhos_Brazil_Human_2018-01-23	Southeast	SP	Human	23/01/2018	2018	Other
MK583158.1_YFV022FIG_YFV022FIG_Brazil_Sao_Paulo_Mairipora_Brazil_Human_2018-01-23	Southeast	SP	Human	23/01/2018	2018	Other
MK583159.1_YFV023FIG_YFV023FIG_Brazil_Sao_Paulo_Atibaia_Brazil_Human_2018-01-24	Southeast	SP	Human	24/01/2018	2018	Other
MK583160.1_YFV029FIG_YFV029FIG_Brazil_Sao_Paulo_Cotia_Brazil_Human_2018-01-29	Southeast	SP	Human	29/01/2018	2018	Other
MK583161.1_YFV033FIG_YFV033FIG_Brazil_Sao_Paulo_Itaquaquecetuba_Brazil_Human_2018-01-24	Southeast	SP	Human	24/01/2018	2018	Other
MK583162.1_YFV038FIG_YFV038FIG_Brazil_Sao_Paulo_Sao_Paulo_Brazil_Human_2018-01-31	Southeast	SP	Human	31/01/2018	2018	Other
MK583163.1_YFV040FIG_YFV040FIG_Brazil_Sao_Paulo_Sao_Paulo_Brazil_Human_2018-02-02	Southeast	SP	Human	02/02/2018	2018	Other
MK583164.1_YFV041FIG_YFV041FIG_Brazil_Sao_Paulo_Cotia_Brazil_Human_2018-02-03	Southeast	SP	Human	03/02/2018	2018	Other
MK583165.1_YFV042FIG_YFV042FIG_Brazil_Sao_Paulo_Mairipora_Brazil_Human_2018-02-04	Southeast	SP	Human	04/02/2018	2018	Other
MK583166.1_YFV043FIG_YFV043FIG_Brazil_Sao_Paulo_Sao_Paulo_Brazil_Human_2018-02-06	Southeast	SP	Human	06/02/2018	2018	Other
MK583167.1_YFV047FIG_YFV047FIG_Brazil_Sao_Paulo_Guarulhos_Brazil_Human_2018-02-11	Southeast	SP	Human	11/02/2018	2018	Other
MK583168.1_YFV048FIG_YFV048FIG_Brazil_Sao_Paulo_Sao_Paulo_Brazil_Human_2018-02-11	Southeast	SP	Human	11/02/2018	2018	Other
MK583169.1_YFV052FIG_YFV052FIG_Brazil_Sao_Paulo_Guarulhos_Brazil_Human_2018-02-18	Southeast	SP	Human	18/02/2018	2018	Other
MK583170.1_YFV053FIG_YFV053FIG_Brazil_Sao_Paulo_Guarulhos_Brazil_Human_2018-02-18	Southeast	SP	Human	18/02/2018	2018	Other
MK583171.1_YFV054FIG_YFV054FIG_Brazil_Sao_Paulo_Guarulhos_Brazil_Human_2018-02-18	Southeast	SP	Human	18/02/2018	2018	Other
MK583172.1_YFV056FIG_YFV056FIG_Brazil_Sao_Paulo_Guarulhos_Brazil_Human_2018-02-19	Southeast	SP	Human	19/02/2018	2018	Other
MK583173.1_YFV060FIG_YFV060FIG_Brazil_Sao_Paulo_Guarulhos_Brazil_Human_2018-02-23	Southeast	SP	Human	23/02/2018	2018	Other
MK583174.1_YFV061FIG_YFV061FIG_Brazil_Sao_Paulo_Aruja_Brazil_Human_2018-02-24	Southeast	SP	Human	24/02/2018	2018	Other
MK583175.1_YFV065FIG_YFV065FIG_Brazil_Sao_Paulo_Itaquaquecetuba_Brazil_Human_2018-02-27	Southeast	SP	Human	27/02/2018	2018	Other
MK583176.1_YFV066FIG_YFV066FIG_Brazil_Sao_Paulo_Piedade_Brazil_Human_2018-02-27	Southeast	SP	Human	27/02/2018	2018	Other
MK583177.1_YFV070FIG_YFV070FIG_Brazil_Sao_Paulo_Guarulhos_Brazil_Human_2018-03-04	Southeast	SP	Human	04/03/2018	2018	Other
MK583178.1_YFV072FIG_YFV072FIG_Brazil_Sao_Paulo_Itariri_Brazil_Human_2018-03-10	Southeast	SP	Human	10/03/2018	2018	Other
MK583179.1_YFV074FIG_YFV074FIG_Brazil_Sao_Paulo_Ibiuna_Brazil_Human_2018-03-11	Southeast	SP	Human	11/03/2018	2018	Other
MK583180.1_YFV076FIG_YFV076FIG_Brazil_Sao_Paulo_Guarulhos_Brazil_Human_2018-03-14	Southeast	SP	Human	14/03/2018	2018	Other
MK583181.1_YFV080FIG_YFV080FIG_Brazil_Sao_Paulo_Sao_Lourenco_da_Serra_Brazil_Human_2018-03-27	Southeast	SP	Human	27/03/2018	2018	Other
MK583182.1_YFV081FIG_YFV081FIG_Brazil_Sao_Paulo_Guarulhos_Brazil_Human_2018-03-14	Southeast	SP	Human	14/03/2018	2018	Other
MK728873.1_GO21_GO21_Brazil_Amorinopolis_GO_Brazil_Human_2017-03-04	CentreWest	GO	Human	04/03/2017	2017	Other
MK882599.1_RJ173_Brazil_Itarana_Espirito_Santo_Brazil_Human_2017-02-09	Southeast	ES	Human	09/02/2017	2017	Other
MK882600.1_LABFLA09_Brazil_Silva_Jardim_Rio_de_Janeiro_Brazil_Human_2018-04-24	Southeast	RJ	Human	24/04/2018	2018	Other
MK882601.1_RJ141_Brazil_Ibatiba_Espirito_Santo_Brazil_Human_2017-01-24	Southeast	ES	Human	24/01/2017	2017	Other
MK882602.1_RJ147_Brazil_Domingos_Martins_Espirito_Santo_Brazil_Human_2017-01-31	Southeast	ES	Human	31/01/2017	2017	Other
MK882603.1_LABFLA10_Brazil_Silva_Jardim_Rio_de_Janeiro_Brazil_Human_2018-04-24	Southeast	RJ	Human	24/04/2018	2018	Other
MK882604.1_RJ177_Brazil_Brejetuba_Espirito_Santo_Brazil_Human_2017-02-16	Southeast	ES	Human	16/02/2017	2017	Other
MK882605.1_RJ181_Brazil_Rio_de_Janeiro_Rio_de_Janeiro_Brazil_Human_2017-03-09	Southeast	RJ	Human	09/03/2017	2017	Other
MK882606.1_RJ180_Brazil_Campos_dos_Goytacazes_Rio_de_Janeiro_Brazil_Human_2017-03-07	Southeast	RJ	Human	07/03/2017	2017	Other
MK882607.1_RJ182_Brazil_Rio_de_Janeiro_Rio_de_Janeiro_Brazil_Human_2017-03-09	Southeast	RJ	Human	09/03/2017	2017	Other
MK882608.1_RJ183_Brazil_Rio_de_Janeiro_Rio_de_Janeiro_Brazil_Human_2017-03-12	Southeast	RJ	Human	12/03/2017	2017	Other
MK882609.1_RJ184_Brazil_Vitoria_Espirito_Santo_Brazil_Human_2017-03-13	Southeast	ES	Human	13/03/2017	2017	Other
MK882610.1_RJ186_Brazil_Guarapari_Espirito_Santo_Brazil_Human_2017-03-06	Southeast	ES	Human	06/03/2017	2017	Other
MK882611.1_RJ188_Brazil_Cariacica_Espirito_Santo_Brazil_Human_2017-03-08	Southeast	ES	Human	08/03/2017	2017	Other
MK882612.1_RJ189_Brazil_Serra_Espirito_Santo_Brazil_Human_2017-03-20	Southeast	ES	Human	20/03/2017	2017	Other
MK882613.1_RJ193_Brazil_Sao_Sebastiao_do_Alto_Rio_de_Janeiro_Brazil_Human_2017-03-27	Southeast	RJ	Human	27/03/2017	2017	Other
MK882614.1_RJ195_Brazil_Carmo_Rio_de_Janeiro_Brazil_Human_2017-04-17	Southeast	RJ	Human	17/04/2017	2017	Other
MK882615.1_RJ194_Brazil_Sao_Sebastiao_do_Alto_Rio_de_Janeiro_Brazil_Human_2017-03-27	Southeast	RJ	Human	27/03/2017	2017	Other
MK882616.1_RJ197_Brazil_Marica_Rio_de_Janeiro_Brazil_Human_2017-04-17	Southeast	RJ	Human	17/04/2017	2017	Other
MK882617.1_RJ201_Brazil_Nova_Iguacu_Rio_de_Janeiro_Brazil_Human_2017-11-28	Southeast	RJ	Human	28/11/2017	2017	Other
MK882618.1_RJ213_Brazil_Valenca_Rio_de_Janeiro_Brazil_Human_2018-01-22	Southeast	RJ	Human	22/01/2018	2018	Other
MK882619.1_RJ216_Brazil_Duas_Barras_Rio_de_Janeiro_Brazil_Human_2018-01-25	Southeast	RJ	Human	25/01/2018	2018	Other
MK882621.1_RJ219_Brazil_Angra_dos_Reis_Rio_de_Janeiro_Brazil_Human_2018-02-05	Southeast	RJ	Human	05/02/2018	2018	Other
MN117917.1_YF05-443_Brazil_Brazil_Ochlerotatus_scapularis_2017-02-15	Southeast	SP	Mosq	15/02/2017	2017	Other
MN604280.1_RJ251_Brazil_Cordeiros_Bahia_Brazil_Callithrix_2017-03-10	Southeast	RJ	NHP	10/03/2017	2017	Other
MN604281.2_RJ260_Brazil_Santa_Rita_de_Cassia_Bahia_Brazil_Alouatta_2017-03-13	Southeast	RJ	NHP	13/03/2017	2017	Other
MN604282.2_RJ261_Brazil_Camacari_Bahia_Brazil_Callithrix_2017-03-16	Southeast	RJ	NHP	16/03/2017	2017	Other
MN604283.2_RJ259_Brazil_Salvador_Bahia_Brazil_Callithrix_2017-03-15	Southeast	RJ	NHP	15/03/2017	2017	Other
MN604284.1_RJ258_Brazil_Pedrao_Bahia_Brazil_Human_2017-03-15	Southeast	RJ	Human	15/03/2017	2017	Other
MN604285.1_RJ274_Brazil_Ichu_Bahia_Brazil_Callithrix_penicillata_2017-04-05	Northeast	BA	NHP	05/04/2017	2017	Other
MN604286.1_RJ292_Brazil_Salvador_Bahia_Brazil_Callithrix_penicillata_2017-04-07	Northeast	BA	NHP	07/04/2017	2017	Other
MN604287.1_RJ269_Brazil_Cordeiros_Bahia_Brazil_Alouatta_2017-03-17	Southeast	RJ	NHP	17/03/2017	2017	Other
MN643077.1_H295_Brazil_Teresopolis-RJ_Brazil_Human_2018-01-16	Southeast	RJ	Human	16/01/2018	2018	Other
MN643078.1_H299_Brazil_Teresopolis-RJ_Brazil_Human_2018-01-25	Southeast	RJ	Human	25/01/2018	2018	Other
MN643079.1_H300_Brazil_Teresopolis-RJ_Brazil_Human_2018-01-26	Southeast	RJ	Human	26/01/2018	2018	Other
MN643080.1_H312_Brazil_Teresopolis-RJ_Brazil_Human_2018-02-17	Southeast	RJ	Human	17/02/2018	2018	Other
MN643081.1_H313_Brazil_Teresopolis-RJ_Brazil_Human_2018-02-19	Southeast	RJ	Human	19/02/2018	2018	Other
MN643082.1_H317_Brazil_Teresopolis-RJ_Brazil_Human_2018-02-16	Southeast	RJ	Human	16/02/2018	2018	Other
MN643083.1_H319_Brazil_Teresopolis-RJ_Brazil_Human_2018-02-25	Southeast	RJ	Human	25/02/2018	2018	Other
MN643084.1_H320_Brazil_Teresopolis-RJ_Brazil_Human_2018-02-25	Southeast	RJ	Human	25/02/2018	2018	Other
MN643085.1_H326_Brazil_Ilha_Grande-RJ_Brazil_Human_2018-02-11	Southeast	RJ	Human	11/02/2018	2018	Other
MN643086.1_H327_Brazil_Angra_dos_Reis-RJ_Brazil_Human_2018-02-14	Southeast	RJ	Human	14/02/2018	2018	Other
MN643087.1_H333_Brazil_Ilha_Grande-RJ_Brazil_Human_2018-02-13	Southeast	RJ	Human	13/02/2018	2018	Other
MN643088.1_RJ98_Brazil_Macae-RJ_Brazil_Alouatta_guariba_2017-04-19	Southeast	RJ	NHP	19/04/2017	2017	Other
MN643089.1_RJ123_Brazil_Miguel_Pereira-RJ_Brazil_Alouatta_guariba_2017-10-19	Southeast	RJ	NHP	19/10/2017	2017	Other
MN643090.1_RJ136_Brazil_Ilha_Grande-RJ_Brazil_Alouatta_guariba_2018-02-04	Southeast	RJ	NHP	04/02/2018	2018	Other
MN643091.1_RJ138_Brazil_Ilha_Grande-RJ_Brazil_Alouatta_guariba_2018-02-07	Southeast	RJ	NHP	07/02/2018	2018	Other
MN643092.1_RJ139_Brazil_Ilha_Grande-RJ_Brazil_Alouatta_guariba_2018-02-07	Southeast	RJ	NHP	07/02/2018	2018	Other
MT497520.1_YFV/Monkey/Brazil/2016/PNH106_CP224_Brazil_Sao_Paulo_Potirendaba_Brazil_Sapajus_sp._2016-10-10	Southeast	SP	NHP	10/10/2016	2016	Other
MT497521.1_YFV/Monkey/Brazil/2016/PNH12_CP159_Brazil_Sao_Paulo_Pindorama_Brazil_Alouatta_sp._2016-10-13	Southeast	SP	NHP	13/10/2016	2016	Other
MT497522.1_YFV/Monkey/Brazil/2016/PNH504_CP182_Brazil_Sao_Paulo_Jaboticabal_Brazil_Alouatta_sp._2016-11-15	Southeast	SP	NHP	15/11/2016	2016	Other
MT497523.1_YFV/Monkey/Brazil/2016/PNH94_CP227_Brazil_Sao_Paulo_Catanduva_Brazil_Alouatta_sp._2016-11-16	Southeast	SP	NHP	16/11/2016	2016	Other
MT497524.1_YFV/Monkey/Brazil/2016/PNH160_CP164_Brazil_Sao_Paulo_Catigua_Brazil_Alouatta_sp._2016-12-12	Southeast	SP	NHP	12/12/2016	2016	Other
MT497525.1_YFV/Monkey/Brazil/2017/PNH580_CP179_Brazil_Sao_Paulo_Ribeirao_Preto_Brazil_Alouatta_sp._2017-01-21	Southeast	SP	NHP	21/01/2017	2017	Other
MW034590.1_JabSPM02_Brazil_Brazil_Alouatta_caraya_2016-11-01	Southeast	SP	NHP	01/11/2016	2016	Other
MW308134.1_YFV084FIG_YFV084FIG_Brazil_Sao_Paulo_Cunha_Brazil_Human_2018-10-26	Southeast	SP	Human	26/10/2018	2018	Other
MW308135.1_YFV085FIG_YFV085FIG_Brazil_Sao_Paulo_Iporanga_Brazil_Human_2019-01-20	Southeast	SP	Human	20/01/2019	2019	Other
MZ604838.1_UNVERIFIED_Yellow_fever_virus_strain_SP01/BRA/2019_Brazil_Brazil_Human_2019	Southeast	SP	Human	2019	2019	Other
MZ604839.1_UNVERIFIED_Yellow_fever_virus_strain_SP02/BRA/2019_Brazil_Brazil_Human_2019	Southeast	SP	Human	2019	2019	Other
MZ604840.1_UNVERIFIED_Yellow_fever_virus_strain_SP01/BRA/2018_Brazil_Brazil_Human_2018	Southeast	SP	Human	2018	2018	Other
MZ604841.1_UNVERIFIED_Yellow_fever_virus_strain_SP03/BRA/2019_Brazil_Brazil_Human_2019	Southeast	SP	Human	2019	2019	Other
MZ604842.1_UNVERIFIED_Yellow_fever_virus_strain_SP03/BRA/2018_Brazil_Brazil_Human_2018	Southeast	SP	Human	2018	2018	Other
MZ604843.1_UNVERIFIED_Yellow_fever_virus_strain_SP05/BRA/2019_Brazil_Brazil_Human_2019	Southeast	SP	Human	2019	2019	Other
MZ604844.1_UNVERIFIED_Yellow_fever_virus_strain_SP06/BRA/2019_Brazil_Brazil_Human_2019	Southeast	SP	Human	2019	2019	Other
MZ604845.1_UNVERIFIED_Yellow_fever_virus_strain_SP04/BRA/2018_Brazil_Brazil_Human_2018	Southeast	SP	Human	2018	2018	Other
MZ604846.1_UNVERIFIED_Yellow_fever_virus_strain_SP07/BRA/2019_Brazil_Brazil_Human_2019	Southeast	SP	Human	2019	2019	Other
MZ604847.1_UNVERIFIED_Yellow_fever_virus_strain_SP08/BRA/2019_Brazil_Brazil_Human_2019	Southeast	SP	Human	2019	2019	Other
MZ604848.1_UNVERIFIED_Yellow_fever_virus_strain_SP09/BRA/2019_Brazil_Brazil_Human_2019	Southeast	SP	Human	2019	2019	Other
MZ604849.1_UNVERIFIED_Yellow_fever_virus_strain_SP10/BRA/2019_Brazil_Brazil_Human_2019	Southeast	SP	Human	2019	2019	Other
MZ604850.1_UNVERIFIED_Yellow_fever_virus_strain_SP11/BRA/2019_Brazil_Brazil_Human_2019	Southeast	SP	Human	2019	2019	Other
MZ604851.1_UNVERIFIED_Yellow_fever_virus_strain_SP12/BRA/2019_Brazil_Brazil_Human_2019	Southeast	SP	Human	2019	2019	Other
MZ604852.1_UNVERIFIED_Yellow_fever_virus_strain_SP13/BRA/2019_Brazil_Brazil_Human_2019	Southeast	SP	Human	2019	2019	Other
MZ604853.1_UNVERIFIED_Yellow_fever_virus_strain_SP14/BRA/2019_Brazil_Brazil_Human_2019	Southeast	SP	Human	2019	2019	Other
MZ604854.1_UNVERIFIED_Yellow_fever_virus_strain_SP23/BRA/2019_Brazil_Brazil_Human_2019	Southeast	SP	Human	2019	2019	Other
MZ604855.1_UNVERIFIED_Yellow_fever_virus_strain_SP15/BRA/2019_Brazil_Brazil_Human_2019	Southeast	SP	Human	2019	2019	Other
MZ604856.1_UNVERIFIED_Yellow_fever_virus_strain_SP06/BRA/2018_Brazil_Brazil_Human_2018	Southeast	SP	Human	2018	2018	Other
MZ604857.1_UNVERIFIED_Yellow_fever_virus_strain_SP25/BRA/2019_Brazil_Brazil_Human_2019	Southeast	SP	Human	2019	2019	Other
MZ604858.1_UNVERIFIED_Yellow_fever_virus_strain_SP16/BRA/2019_Brazil_Brazil_Human_2019	Southeast	SP	Human	2019	2019	Other
MZ604859.1_UNVERIFIED_Yellow_fever_virus_strain_SP07/BRA/2018_Brazil_Brazil_Human_2018	Southeast	SP	Human	2018	2018	Other
MZ604860.1_UNVERIFIED_Yellow_fever_virus_strain_SP17/BRA/2019_Brazil_Brazil_Human_2019	Southeast	SP	Human	2019	2019	Other
MZ604861.1_UNVERIFIED_Yellow_fever_virus_strain_SP08/BRA/2018_Brazil_Brazil_Human_2018	Southeast	SP	Human	2018	2018	Other
MZ604862.1_UNVERIFIED_Yellow_fever_virus_strain_SP10/BRA/2018_Brazil_Brazil_Human_2018	Southeast	SP	Human	2018	2018	Other
MZ604863.1_UNVERIFIED_Yellow_fever_virus_strain_SP18/BRA/2019_Brazil_Brazil_Human_2019	Southeast	SP	Human	2019	2019	Other
MZ604864.1_UNVERIFIED_Yellow_fever_virus_strain_SP19/BRA/2019_Brazil_Brazil_Human_2019	Southeast	SP	Human	2019	2019	Other
MZ604865.1_UNVERIFIED_Yellow_fever_virus_strain_SP12/BRA/2018_Brazil_Brazil_Human_2018	Southeast	SP	Human	2018	2018	Other
MZ604866.1_UNVERIFIED_Yellow_fever_virus_strain_SP13/BRA/2018_Brazil_Brazil_Human_2018	Southeast	SP	Human	2018	2018	Other
MZ604867.1_UNVERIFIED_Yellow_fever_virus_strain_SP22/BRA/2019_Brazil_Brazil_Human_2019	Southeast	SP	Human	2019	2019	Other
MZ604868.1_UNVERIFIED_Yellow_fever_virus_strain_SP02/BRA/2018_Brazil_Brazil_Human_2018	Southeast	SP	Human	2018	2018	Other
MZ604869.1_UNVERIFIED_Yellow_fever_virus_strain_SP04/BRA/2019_Brazil_Brazil_Human_2019	Southeast	SP	Human	2019	2019	Other
MZ604870.1_UNVERIFIED_Yellow_fever_virus_strain_SP05/BRA/2018_Brazil_Brazil_Human_2018	Southeast	SP	Human	2018	2018	Other
MZ604871.1_UNVERIFIED_Yellow_fever_virus_strain_SP24/BRA/2019_Brazil_Brazil_Human_2019	Southeast	SP	Human	2019	2019	Other
MZ604872.1_UNVERIFIED_Yellow_fever_virus_strain_SP09/BRA/2018_Brazil_Brazil_Human_2018	Southeast	SP	Human	2018	2018	Other
MZ604873.1_UNVERIFIED_Yellow_fever_virus_strain_SP11/BRA/2018_Brazil_Brazil_Human_2018	Southeast	SP	Human	2018	2018	Other
MZ604874.1_UNVERIFIED_Yellow_fever_virus_strain_SP20/BRA/2019_Brazil_Brazil_Human_2019	Southeast	SP	Human	2019	2019	Other
MZ604875.1_UNVERIFIED_Yellow_fever_virus_strain_SP21/BRA/2019_Brazil_Brazil_Human_2019	Southeast	SP	Human	2019	2019	Other
MZ604876.1_UNVERIFIED_Yellow_fever_virus_strain_SP14/BRA/2018_Brazil_Brazil_Human_2018	Southeast	SP	Human	2018	2018	Other
MZ712127.1_Andre_da_Rocha_02_Brazil_Brazil_Alouatta_guariba_clamitans_2021-03-04	South	RS	NHP	04/03/2021	2021	Other
MZ712128.1_Barracao_02_Brazil_Brazil_Alouatta_guariba_clamitans_2021-02-22	South	RS	NHP	22/02/2021	2021	Other
MZ712129.1_Barracao_03_Brazil_Brazil_Alouatta_guariba_clamitans_2021-02-22	South	RS	NHP	22/02/2021	2021	Other
MZ712130.1_Barracao_04_Brazil_Brazil_Alouatta_guariba_clamitans_2021-02-22	South	RS	NHP	22/02/2021	2021	Other
MZ712131.1_Esmeralda_01_Brazil_Brazil_Alouatta_guariba_clamitans_2021-02-19	South	RS	NHP	19/02/2021	2021	Other
MZ712132.1_Esmeralda_02_Brazil_Brazil_Alouatta_guariba_clamitans_2021-02-24	South	RS	NHP	24/02/2021	2021	Other
MZ712133.1_Esmeralda_03_Brazil_Brazil_Alouatta_guariba_clamitans_2021-02-25	South	RS	NHP	25/02/2021	2021	Other
MZ712134.1_Esmeralda_04_Brazil_Brazil_Alouatta_guariba_clamitans_2021-02-25	South	RS	NHP	25/02/2021	2021	Other
MZ712135.1_Ipe_01_Brazil_Brazil_Alouatta_guariba_clamitans_2021-03-08	South	RS	NHP	08/03/2021	2021	Other
MZ712136.1_Monte_Alegre_dos_Campos_01_Brazil_Brazil_Alouatta_guariba_clamitans_2021-02-08	South	RS	NHP	08/02/2021	2021	Other
MZ712137.1_Monte_Alegre_dos_Campos_02_Brazil_Brazil_Alouatta_guariba_clamitans_2021-02-26	South	RS	NHP	26/02/2021	2021	Other
MZ712138.1_Monte_Alegre_dos_Campos_03_Brazil_Brazil_Alouatta_guariba_clamitans_2021-03-03	South	RS	NHP	03/03/2021	2021	Other
MZ712139.1_Muitos_Capoes_01_Brazil_Brazil_Alouatta_guariba_clamitans_2021-02-20	South	RS	NHP	20/02/2021	2021	Other
MZ712140.1_Pinhal_da_Serra_01_Brazil_Brazil_Alouatta_guariba_clamitans_2021-01-25	South	RS	NHP	25/01/2021	2021	Other
MZ712141.1_Pinhal_da_Serra_02_Brazil_Brazil_Alouatta_guariba_clamitans_2021-02-03	South	RS	NHP	03/02/2021	2021	Other
MZ712142.1_Pinhal_da_Serra_03_Brazil_Brazil_Alouatta_guariba_clamitans_2021-02-03	South	RS	NHP	03/02/2021	2021	Other
MZ712143.1_Pinhal_da_Serra_05_Brazil_Brazil_Alouatta_guariba_clamitans_2021-02-08	South	RS	NHP	08/02/2021	2021	Other
MZ712144.1_Pinhal_da_Serra_07_Brazil_Brazil_Alouatta_guariba_clamitans_2021-02-11	South	SC	NHP	11/02/2021	2021	Other
MZ712145.1_Pinhal_da_Serra_08_Brazil_Brazil_Alouatta_guariba_clamitans_2021-02-19	South	RS	NHP	19/02/2021	2021	Other
MZ712146.1_Pinhal_da_Serra_09_Brazil_Brazil_Alouatta_guariba_clamitans_2021-02-19	South	RS	NHP	19/02/2021	2021	Other
MZ712147.1_Vacaria_01_Brazil_Brazil_Alouatta_guariba_clamitans_2021-02-22	South	RS	NHP	22/02/2021	2021	Other
MZ712148.1_Vacaria_02_Brazil_Brazil_Alouatta_guariba_clamitans_2021-02-22	South	RS	NHP	22/02/2021	2021	Other
MZ712149.1_Vacaria_04_Brazil_Brazil_Alouatta_guariba_clamitans_2021-02-24	South	RS	NHP	24/02/2021	2021	Other
OL519587.1_MG66-L_Brazil_Brazil_Alouatta_caraya_2021-08-25	Southeast	MG	NHP	25/08/2021	2021	Other
OL519588.1_MG66-S_Brazil_Brazil_Alouatta_caraya_2021-08-25	Southeast	MG	NHP	25/08/2021	2021	Other
OL519589.1_MG66-k_Brazil_Brazil_Alouatta_caraya_2021-08-25	Southeast	MG	NHP	25/08/2021	2021	Other
ON022239.1_0158/18_FA_partial_genome_0158/18_FA_Brazil_MG_Juiz_De_Fora_Brazil_Human_2018-01-17	Southeast	MG	Human	17/01/2018	2018	Other
ON022240.1_0042/18_IV_partial_genome_Brazil_MG_Juiz_De_Fora__IBGE7_3136702__Brazil_Alouatta_2018-01-05	Southeast	MG	NHP	05/01/2018	2018	Other
ON022241.1_0053/18_IV_partial_genome_Brazil_MG_Juiz_De_Fora__IBGE7_3136702__Brazil_Alouatta_2018-01-02	Southeast	MG	NHP	02/01/2018	2018	Other
ON022242.1_0100/18_FA_partial_genome_0100/18_FA_Brazil_MG_Juiz_De_Fora_Brazil_Human_2018-01-15	Southeast	MG	Human	15/01/2018	2018	Other
ON022243.1_0051/18_IV_partial_genome_Brazil_MG_Piranga__IBGE7_3150802__Brazil_Callithrix_2018-01-08	Southeast	MG	NHP	08/01/2018	2018	Other
ON022244.1_0154/18_FA_partial_genome_0154/18_FA_Brazil_MG_Ponte_Nova_Brazil_Human_2018-01-17	Southeast	MG	Human	17/01/2018	2018	Other
ON022245.1_0031/18_FA_partial_genome_0031/18_FA_Brazil_MG_Mariana_Brazil_Human_2018-01-05	Southeast	MG	Human	05/01/2018	2018	Other
ON022246.1_0044/18_FA_partial_genome_0044/18_FA_Brazil_MG_Mariana_Brazil_Human_2018-01-09	Southeast	MG	Human	09/01/2018	2018	Other
ON022247.1_0071/18_FA_partial_genome_0071/18_FA_Brazil_MG_Mariana_Brazil_Human_2018-01-13	Southeast	MG	Human	13/01/2018	2018	Other
ON022248.1_0107/18_FA_partial_genome_0107/18_FA_Brazil_MG_Mariana_Brazil_Human_2018-01-15	Southeast	MG	Human	15/01/2018	2018	Other
ON022249.1_0129/18_FA_partial_genome_0129/18_FA_Brazil_MG_Mariana_Brazil_Human_2018-01-16	Southeast	MG	Human	16/01/2018	2018	Other
ON022250.1_0136/18_FA_vaccinated_partial_genome_0136/18_FA_vaccinated_Brazil_MG_Mariana_Brazil_Human_2018-01-16	Southeast	MG	Human	16/01/2018	2018	Other
ON022251.1_0048/18_IV_partial_genome_Brazil_MG_Itabirito__IBGE7_3131901__Brazil_Cebidae_2018-01-05	Southeast	MG	NHP	05/01/2018	2018	Other
ON022252.1_0047/18_IV_partial_genome_Brazil_MG_Itatiaiucu__IBGE7_3133709__Brazil_Cebidae_2018-01-01	Southeast	MG	NHP	01/01/2018	2018	Other
ON022253.1_0163/18_FA_vaccinated_partial_genome_0163/18_FA_vaccinated_Brazil_MG_Brumadinho_Brazil_Human_2018-01-17	Southeast	MG	Human	17/01/2018	2018	Other
ON022254.1_0045/18_IV_partial_genome_Brazil_MG_Brumadinho__IBGE7_3109006__Brazil_Callithrix_penicillata_2018-01-04	Southeast	MG	NHP	04/01/2018	2018	Other
ON022255.1_0092/18_FA_partial_genome_0092/18_FA_Brazil_MG_Brumadinho_Brazil_Human_2018-01-15	Southeast	MG	Human	15/01/2018	2018	Other
ON022256.1_0091/18_FA_partial_genome_0091/18_FA_Brazil_MG_Rio_Acima_Brazil_Human_2018-01-13	Southeast	MG	Human	13/01/2018	2018	Other
ON022257.1_0025/18_FA_partial_genome_0025/18_FA_Brazil_MG_Nova_Lima_Brazil_Human_2018-01-08	Southeast	MG	Human	08/01/2018	2018	Other
ON022258.1_0043/18_IV_partial_genome_Brazil_MG_Nova_Lima__IBGE7_3144805__Brazil_Cebidae_2017-12-30	Southeast	MG	NHP	30/12/2017	2017	Other
ON022259.1_0049/18_IV_partial_genome_Brazil_MG_Nova_Lima__IBGE7_3144805__Brazil_Callithrix_penicillata_2018-01-02	Southeast	MG	NHP	02/01/2018	2018	Other
ON022260.1_0068/18_FA_partial_genome_0068/18_FA_Brazil_MG_Nova_Lima_Brazil_Human_2018-01-14	Southeast	MG	Human	14/01/2018	2018	Other
ON022261.1_096/18_FA_partial_genome_096/18_FA_Brazil_MG_Nova_Lima_Brazil_Human_2018-01-15	Southeast	MG	Human	15/01/2018	2018	Other
ON022262.1_0046/18_IV_partial_genome_Brazil_MG_Santa_Barbara__IBGE7_3157203__Brazil_Alouatta_2018-01-06	Southeast	MG	NHP	06/01/2018	2018	Other
ON022263.1_0043/18_FA_partial_genome_0043/18_FA_Brazil_MG_Belo_Horizonte_Brazil_Human_2018-01-10	Southeast	MG	Human	10/01/2018	2018	Other
ON022264.1_0007/18_IV_partial_genome_Brazil_MG_Belmiro_Braga__IBGE7_3106101__Brazil_Callithrix_penicillata_2017-12-18	Southeast	MG	NHP	18/12/2017	2017	Other
ON022265.1_0055/18_IV_partial_genome_Brazil_MG_Brumadinho__IBGE7_3109006__Brazil_Callithrix_penicillata_2018-01-04	Southeast	MG	NHP	04/01/2018	2018	Other
ON022266.1_0005/18_IV_partial_genome_Brazil_MG_Caete__IBGE7_3110004__Brazil_Cebidae_2017-12-26	Southeast	MG	NHP	26/12/2017	2017	Other
ON022267.1_0109/18_FA_partial_genome_0109/18_FA_Brazil_MG_Mariana_Brazil_Human_2018-01-15	Southeast	MG	Human	15/01/2018	2018	Other
ON022268.1_0299/2018_partial_genome_0299/2018_Brazil_RJ_Rio_De_Janeiro_2018-01-16	Southeast	RJ	Human	16/01/2018	2018	Other
ON022269.1_7922/2017_partial_genome_Brazil_RJ_Nova_Iguacu__IBGE7_3303500__Brazil_Alouatta_2017-11-28	Southeast	RJ	NHP	28/11/2017	2017	Other
ON022270.1_0276/2018_partial_genome_0276/2018_Brazil_RJ_Teresopolis_2018-01-17	Southeast	RJ	Human	17/01/2018	2018	Other
ON022271.1_0331/2018_partial_genome_0331/2018_Brazil_RJ_Teresopolis_2018-01-16	Southeast	RJ	Human	16/01/2018	2018	Other
ON022272.1_0113/2018_partial_genome_0113/2018_Brazil_RJ_Teresopolis_2018-01-06	Southeast	RJ	Human	06/01/2018	2018	Other
ON022273.1_0227/2018_partial_genome_0227/2018_Brazil_RJ_Valenca_2018-01-13	Southeast	RJ	Human	13/01/2018	2018	Other
ON022274.1_0229/2018_partial_genome_0229/2018_Brazil_RJ_Valenca_2018-01-13	Southeast	RJ	Human	13/01/2018	2018	Other
ON022275.1_0232/2018_partial_genome_0232/2018_Brazil_RJ_Valenca_2018-01-14	Southeast	RJ	Human	14/01/2018	2018	Other
ON022276.1_0303/2018_partial_genome_0303/2018_Brazil_RJ_Valenca_2018-01-15	Southeast	RJ	Human	15/01/2018	2018	Other
ON022277.1_0306/2018_partial_genome_0306/2018_Brazil_RJ_Valenca_2018-01-15	Southeast	RJ	Human	15/01/2018	2018	Other
ON022278.1_0318/2018_partial_genome_0318/2018_Brazil_RJ_Valenca_2018-01-15	Southeast	RJ	Human	15/01/2018	2018	Other
ON022279.1_0185/2018_partial_genome_0185/2018_Brazil_RJ_Valenca_2018-01-11	Southeast	RJ	Human	11/01/2018	2018	Other
ON022280.1_0023/2018_partial_genome_Brazil_RJ_Sumidouro__IBGE7_3305703__Brazil_Alouatta_2017-12-15	Southeast	RJ	NHP	15/12/2017	2017	Other
ON022281.1_0101/2018_partial_genome_Brazil_RJ_Sumidouro__IBGE7_3305703__Brazil_Alouatta_2017-12-22	Southeast	RJ	NHP	22/12/2017	2017	Other
ON022282.1_TEC1053_partial_genome_TEC1053_Brazil_RJ_Rio_De_Janeiro_2018-01-23	Southeast	RJ	Human	23/01/2018	2018	Other
ON022283.1_4965_partial_genome_Brazil_SP_Aguas_De_Lindoia__IBGE7_3500501__Brazil_Callicebus_2018-11-21	Southeast	SP	NHP	21/11/2018	2018	Other
ON022284.1_4950_partial_genome_Brazil_SP_Atibaia__IBGE7_3504107__Brazil_Callithrix_2018-01-11	Southeast	SP	NHP	11/01/2018	2018	Other
ON022285.1_3383_partial_genome_Brazil_SP_Bananal__IBGE7_3504909__Brazil_Alouatta_2018-03-11	Southeast	SP	NHP	11/03/2018	2018	Other
ON022286.1_3766_partial_genome_Brazil_SP_Cacapava__IBGE7_3508504__Brazil_Haemagogus_janthinomys_2018-06-25	Southeast	SP	Mosq	25/06/2018	2018	Other
ON022287.1_4393_partial_genome_Brazil_SP_Caraguatatuba__IBGE7_3510500__Brazil_Alouatta_2018-07-20	Southeast	SP	NHP	20/07/2018	2018	Other
ON022288.1_IAL-10_partial_genome_Brazil_SP_Catanduva__IBGE7_3511102__Brazil_Primates_2016-11-16	Southeast	SP	NHP	16/11/2016	2016	Other
ON022289.1_3551_from_Haemagogus_janthinomys_capricornii_partial_genome_Brazil_SP_Igarata__IBGE7_3520202__Brazil_Haemagogus_janthinomys_2018-05-23	Southeast	SP	Mosq	23/05/2018	2018	Other
ON022291.1_3541_partial_genome_Brazil_SP_Igarata__IBGE7_3520202__Brazil_Haemagogus_leucocelaenus_2018-05-28	Southeast	SP	Mosq	28/05/2018	2018	Other
ON022292.1_3551_from_Homo_sapiens_partial_genome_Brazil_SP_Itapetininga__IBGE7_3522307__Brazil_Primates_2018-03-20	Southeast	SP	NHP	20/03/2018	2018	Other
ON022293.1_3530_partial_genome_Brazil_SP_Jacarei__IBGE7_3524402__Brazil_Haemagogus_leucocelaenus_2018-05-28	Southeast	SP	Mosq	28/05/2018	2018	Other
ON022294.1_3521_partial_genome_Brazil_SP_Jacarei__IBGE7_3524402__Brazil_Haemagogus_leucocelaenus_2018-05-28	Southeast	SP	Mosq	28/05/2018	2018	Other
ON022295.1_2377_partial_genome_Brazil_SP_Jarinu__IBGE7_3525201__Brazil_Haemagogus_leucocelaenus_2018-04-23	Southeast	SP	Mosq	23/04/2018	2018	Other
ON022296.1_3255_partial_genome_Brazil_SP_Juquia__IBGE7_3526100__Brazil_Alouatta_2018-03-02	Southeast	SP	NHP	02/03/2018	2018	Other
ON022297.1_4956_partial_genome_Brazil_SP_Nazare_Paulista__IBGE7_3532405__Brazil_Sapajus_2018-01-18	Southeast	SP	NHP	18/01/2018	2018	Other
ON022298.1_36384_partial_genome_36384_Brazil_SP_Peruibe_2018-03-23	Southeast	SP	Human	23/03/2018	2018	Other
ON022299.1_4976_partial_genome_Brazil_SP_Pinhalzinho__IBGE7_3538204__Brazil_Alouatta_2018-03-12	Southeast	SP	NHP	12/03/2018	2018	Other
ON022300.1_IAL-1_partial_genome_Brazil_SP_Ribeirao_Preto__IBGE7_3543402__Brazil_Culicidae_2016-11-03	Southeast	SP	Mosq	03/11/2016	2016	Other
ON022301.1_IAL-2_partial_genome_Brazil_SP_Ribeirao_Preto__IBGE7_3543402__Brazil_Culicidae_2016-11-03	Southeast	SP	Mosq	03/11/2016	2016	Other
ON022302.1_IAL-3_partial_genome_Brazil_SP_Ribeirao_Preto__IBGE7_3543402__Brazil_Culicidae_2016-11-03	Southeast	SP	Mosq	03/11/2016	2016	Other
ON022303.1_IAL-6_partial_genome_Brazil_SP_Ribeirao_Preto__IBGE7_3543402__Brazil_Primates_2017-01-24	Southeast	SP	NHP	24/01/2017	2017	Other
ON022304.1_3687_partial_genome_Brazil_SP_Sao_Jose_Dos_Campos__IBGE7_3549904__Brazil_Haemagogus_leucocelaenus_2018-07-04	Southeast	SP	Mosq	04/07/2018	2018	Other
ON022305.1_3689_partial_genome_Brazil_SP_Sao_Jose_Dos_Campos__IBGE7_3549904__Brazil_Haemagogus_janthinomys_2018-07-04	Southeast	SP	Mosq	04/07/2018	2018	Other
ON022306.1_4086_partial_genome_Brazil_SP_Sao_Miguel_Arcanjo__IBGE7_3550209__Brazil_Alouatta_2018-05-13	Southeast	SP	NHP	13/05/2018	2018	Other
ON022307.1_37071_partial_genome_37071_Brazil_SP_Sao_Sebastiao_2018-04-20	Southeast	SP	Human	20/04/2018	2018	Other
ON022308.1_3587_partial_genome_Brazil_SP_Sao_Sebastiao__IBGE7_3550704__Brazil_Alouatta_2018-04-02	Southeast	SP	NHP	02/04/2018	2018	Other
ON022309.1_3769_partial_genome_Brazil_SP_Sao_Sebastiao__IBGE7_3550704__Brazil_Alouatta_2018-04-11	Southeast	SP	NHP	11/04/2018	2018	Other
ON022310.1_35903_partial_genome_35903_Brazil_SP_Sorocaba_2018-03-10	Southeast	SP	Human	10/03/2018	2018	Other
ON022311.1_IAL-14_partial_genome_Brazil_SP_Tabapua__IBGE7_3552601__Brazil_Primates_2016-12-19	Southeast	SP	NHP	19/12/2016	2016	Other
ON022312.1_3531_partial_genome_Brazil_SP_Taubate__IBGE7_3554102__Brazil_Callithrix_2018-03-24	Southeast	SP	NHP	24/03/2018	2018	Other
ON022313.1_3538_partial_genome_Brazil_SP_Ubatuba__IBGE7_3555406__Brazil_Alouatta_2018-03-24	Southeast	SP	NHP	24/03/2018	2018	Other
ON022314.1_4869_partial_genome_Brazil_SP_Valinhos__IBGE7_3556206__Brazil_Primates_2018-04-16	Southeast	SP	NHP	16/04/2018	2018	Other
ON022315.1_TEC1622_partial_genome_TEC1622_Brazil_SP_Vinhedo_2018-03-21	Southeast	SP	Human	21/03/2018	2018	Other
ON022316.1_1075_partial_genome_1075_Brazil_SP_Guarulhos_2018-03-01	Southeast	SP	Human	01/03/2018	2018	Other
ON022317.1_1086_partial_genome_1086_Brazil_SP_Carapicuiba_2018-03-12	Southeast	SP	Human	12/03/2018	2018	Other
ON022318.1_1079_partial_genome_1079_Brazil_SP_Ibiuna_2018-03-05	Southeast	SP	Human	05/03/2018	2018	Other
ON022319.1_SOFFA_partial_genome_SOFFA_Brazil_SP_Iguape_2019-01	Southeast	SP	Human	15/01/2019	2019	Other
ON022320.1_2864_partial_genome_Brazil_SP_Sao_Paulo__IBGE7_3550308__Brazil_Alouatta_2018-01-08	Southeast	SP	NHP	08/01/2018	2018	Other
ON022321.1_2878_partial_genome_Brazil_SP_Sao_Paulo__IBGE7_3550308__Brazil_Alouatta_2017-12-29	Southeast	SP	NHP	29/12/2017	2017	Other
ON022322.1_2885_partial_genome_Brazil_SP_Itapecerica_Da_Serra__IBGE7_3522208__Brazil_Primates_2018-01-07	Southeast	SP	NHP	07/01/2018	2018	Other
ON022323.1_2918_partial_genome_Brazil_SP_Sao_Paulo__IBGE7_3550308__Brazil_Alouatta_2018-01-10	Southeast	SP	NHP	10/01/2018	2018	Other
ON022324.1_2965_partial_genome_Brazil_SP_Sao_Paulo__IBGE7_3550308__Brazil_Alouatta_2018-01-22	Southeast	SP	NHP	22/01/2018	2018	Other
ON022325.1_2966_partial_genome_Brazil_SP_Sao_Paulo__IBGE7_3550308__Brazil_Alouatta_2018-01-21	Southeast	SP	NHP	21/01/2018	2018	Other
ON022326.1_2967_partial_genome_Brazil_SP_Sao_Paulo__IBGE7_3550308__Brazil_Alouatta_2018-01-19	Southeast	SP	NHP	19/01/2018	2018	Other
ON022327.1_3036_partial_genome_Brazil_SP_Sao_Paulo__IBGE7_3550308__Brazil_Alouatta_2018-01-31	Southeast	SP	NHP	31/01/2018	2018	Other
ON022328.1_3217_partial_genome_Brazil_SP_Sao_Paulo__IBGE7_3550308__Brazil_Alouatta_2018-02-22	Southeast	SP	NHP	22/02/2018	2018	Other
ON022329.1_2968_partial_genome_Brazil_SP_Sao_Paulo__IBGE7_3550308__Brazil_Alouatta_2018-01-16	Southeast	SP	NHP	16/01/2018	2018	Other
ON022330.1_2971_partial_genome_Brazil_SP_Sao_Paulo__IBGE7_3550308__Brazil_Alouatta_2018-01-19	Southeast	SP	NHP	19/01/2018	2018	Other
ON022331.1_2972_partial_genome_Brazil_SP_Sao_Paulo__IBGE7_3550308__Brazil_Alouatta_2018-01-19	Southeast	SP	NHP	19/01/2018	2018	Other
ON022332.1_2973_partial_genome_Brazil_SP_Sao_Paulo__IBGE7_3550308__Brazil_Alouatta_2018-01-19	Southeast	SP	NHP	19/01/2018	2018	Other
ON022333.1_3006_partial_genome_Brazil_SP_Sao_Paulo__IBGE7_3550308__Brazil_Alouatta_2018-01-29	Southeast	SP	NHP	29/01/2018	2018	Other
ON022334.1_3035_partial_genome_Brazil_SP_Sao_Paulo__IBGE7_3550308__Brazil_Alouatta_2018-01-31	Southeast	SP	NHP	31/01/2018	2018	Other
ON022335.1_3037_partial_genome_Brazil_SP_Sao_Paulo__IBGE7_3550308__Brazil_Alouatta_2018-01-31	Southeast	SP	NHP	31/01/2018	2018	Other
ON022336.1_3038_partial_genome_Brazil_SP_Sao_Paulo__IBGE7_3550308__Brazil_Alouatta_2018-01-29	Southeast	SP	NHP	29/01/2018	2018	Other
ON022337.1_3172_partial_genome_Brazil_SP_Sao_Paulo__IBGE7_3550308__Brazil_Alouatta_2018-02-10	Southeast	SP	NHP	10/02/2018	2018	Other
ON022338.1_3211_partial_genome_Brazil_SP_Sao_Paulo__IBGE7_3550308__Brazil_Alouatta_2018-01-21	Southeast	SP	NHP	21/01/2018	2018	Other
ON022339.1_3214_partial_genome_Brazil_SP_Sao_Paulo__IBGE7_3550308__Brazil_Alouatta_2018-02-19	Southeast	SP	NHP	19/02/2018	2018	Other
ON022340.1_3216_partial_genome_Brazil_SP_Sao_Paulo__IBGE7_3550308__Brazil_Alouatta_2018-02-15	Southeast	SP	NHP	15/02/2018	2018	Other
ON022341.1_2866_partial_genome_Brazil_SP_Sao_Paulo__IBGE7_3550308__Brazil_Alouatta_2018-01-02	Southeast	SP	NHP	02/01/2018	2018	Other
ON022342.1_3199_partial_genome_Brazil_SP_Sao_Paulo__IBGE7_3550308__Brazil_Callithrix_2018-01-30	Southeast	SP	NHP	30/01/2018	2018	Other
ON022344.1_3223_partial_genome_Brazil_SP_Sao_Paulo__IBGE7_3550308__Brazil_Alouatta_2018-02-01	Southeast	SP	NHP	01/02/2018	2018	Other
ON022345.1_3238_partial_genome_Brazil_SP_Sao_Paulo__IBGE7_3550308__Brazil_Alouatta_2018-03-01	Southeast	SP	NHP	01/03/2018	2018	Other
ON022346.1_3240_partial_genome_Brazil_SP_Sao_Paulo__IBGE7_3550308__Brazil_Alouatta_2018-01-26	Southeast	SP	NHP	26/01/2018	2018	Other
ON022347.1_3266_partial_genome_Brazil_SP_Sao_Paulo__IBGE7_3550308__Brazil_Alouatta_2018-03-03	Southeast	SP	NHP	03/03/2018	2018	Other
ON022348.1_3382_partial_genome_Brazil_SP_Sao_Paulo__IBGE7_3550308__Brazil_Alouatta_2018-03-13	Southeast	SP	NHP	13/03/2018	2018	Other
ON022349.1_3450_partial_genome_Brazil_SP_Guarulhos__IBGE7_3518800__Brazil_Cebus_2018-03-10	Southeast	SP	NHP	10/03/2018	2018	Other
ON022350.1_3462_partial_genome_Brazil_SP_Sao_Paulo__IBGE7_3550308__Brazil_Alouatta_2018-03-14	Southeast	SP	NHP	14/03/2018	2018	Other
ON022351.1_3563_partial_genome_Brazil_SP_Sao_Paulo__IBGE7_3550308__Brazil_Alouatta_2018-03-27	Southeast	SP	NHP	27/03/2018	2018	Other
ON022352.1_3773_partial_genome_Brazil_SP_Sao_Paulo__IBGE7_3550308__Brazil_Alouatta_2018-04-18	Southeast	SP	NHP	18/04/2018	2018	Other
ON022353.1_2752_partial_genome_Brazil_SP_Sao_Paulo__IBGE7_3550308__Brazil_Alouatta_2017-12-27	Southeast	SP	NHP	27/12/2017	2017	Other
ON022354.1_2755_partial_genome_Brazil_SP_Sao_Paulo__IBGE7_3550308__Brazil_Alouatta_2017-12-27	Southeast	SP	NHP	27/12/2017	2017	Other
ON022355.1_2756_partial_genome_Brazil_SP_Sao_Paulo__IBGE7_3550308__Brazil_Alouatta_2017-12-27	Southeast	SP	NHP	27/12/2017	2017	Other
ON022356.1_2757_partial_genome_Brazil_SP_Sao_Paulo__IBGE7_3550308__Brazil_Alouatta_2017-12-27	Southeast	SP	NHP	27/12/2017	2017	Other
ON022358.1_2783_partial_genome_Brazil_SP_Sao_Lourenco_Da_Serra__IBGE7_3549953__Brazil_Alouatta_2018-01-03	Southeast	SP	NHP	03/01/2018	2018	Other
ON022360.1_2868_partial_genome_Brazil_SP_Sao_Paulo__IBGE7_3550308__Brazil_Alouatta_2018-01-02	Southeast	SP	NHP	02/01/2018	2018	Other
ON022361.1_2869_partial_genome_Brazil_SP_Sao_Paulo__IBGE7_3550308__Brazil_Alouatta_2018-01-05	Southeast	SP	NHP	05/01/2018	2018	Other
ON022362.1_2788_partial_genome_Brazil_SP_Sao_Paulo__IBGE7_3550308__Brazil_Alouatta_2017-12-26	Southeast	SP	NHP	26/12/2017	2017	Other
ON022363.1_2789_partial_genome_Brazil_SP_Sao_Paulo__IBGE7_3550308__Brazil_Alouatta_2017-12-26	Southeast	SP	NHP	26/12/2017	2017	Other
ON022364.1_2862_partial_genome_Brazil_SP_Sao_Paulo__IBGE7_3550308__Brazil_Alouatta_2017-12-29	Southeast	SP	NHP	29/12/2017	2017	Other
ON022365.1_2870_partial_genome_Brazil_SP_Sao_Paulo__IBGE7_3550308__Brazil_Alouatta_2018-01-05	Southeast	SP	NHP	05/01/2018	2018	Other
ON022366.1_2872_partial_genome_Brazil_SP_Sao_Paulo__IBGE7_3550308__Brazil_Alouatta_2018-01-05	Southeast	SP	NHP	05/01/2018	2018	Other
ON022367.1_5148_partial_genome_Brazil_SP_Iporanga__IBGE7_3521200__Brazil_Alouatta_2019-01-21	Southeast	SP	NHP	21/01/2019	2019	Other
ON022368.1_5159_partial_genome_Brazil_SP_Itapeva__IBGE7_3522406__Brazil_Primates_2019-01-15	Southeast	SP	NHP	15/01/2019	2019	Other
ON022369.1_5194_partial_genome_Brazil_SP_Barra_Do_Chapeu__IBGE7_3505351__Brazil_Primates_2019-01-31	Southeast	SP	NHP	31/01/2019	2019	Other
ON022370.1_5312_partial_genome_Brazil_Brazil_Primates_2019-02-19	NA	NA	NHP	19/02/2019	2019	Other
ON022371.1_1594/17_IV_partial_genome_Brazil_MG_Sao_Joao_Del_Rei__IBGE7_3162500__Brazil_Alouatta_caraya_2017-07-03	Southeast	MG	NHP	03/07/2017	2017	Other
ON022372.1_2014/17_IV_partial_genome_Brazil_MG_Entre_Rios_De_Minas__IBGE7_3123908__Brazil_Alouatta_guariba_clamitans_2017-11-17	Southeast	MG	NHP	17/11/2017	2017	Other
ON022373.1_1969/17_IV_partial_genome_Brazil_MG_Esmeraldas__IBGE7_3124104__Brazil_Alouatta_caraya_2017-11-18	Southeast	MG	NHP	18/11/2017	2017	Other
ON022374.1_0881/17_IV_partial_genome_Brazil_MG_Senador_Jose_Bento__IBGE7_3165800__Brazil_Alouatta_2017-03-13	Southeast	MG	NHP	13/03/2017	2017	Other
ON022375.1_0407/17_IV_partial_genome_Brazil_MG_Alvorada_De_Minas__IBGE7_3102407__Brazil_Cebidae_2017-02-12	Southeast	MG	NHP	12/02/2017	2017	Other
ON022376.1_0891/18_IV_partial_genome_Brazil_MG_Conceicao_Do_Rio_Verde__IBGE7_3117702__Brazil_Alouatta_2018-04-11	Southeast	MG	NHP	11/04/2018	2018	Other
ON022377.1_0934/18_IV_partial_genome_Brazil_MG_Bras_Pires__IBGE7_3108701__Brazil_Callithrix_penicillata_2018-04-17	Southeast	MG	NHP	17/04/2018	2018	Other
ON022378.1_1937/17_IV_partial_genome_Brazil_MG_Extrema__IBGE7_3125101__Brazil_Cebidae_2017-11-09	Southeast	MG	NHP	09/11/2017	2017	Other
ON022379.1_1351/17_IV_partial_genome_Brazil_MG_Ferros__IBGE7_3125903__Brazil_Primates_2017-05-17	Southeast	MG	NHP	17/05/2017	2017	Other
ON022380.1_1943/17_IV_partial_genome_Brazil_MG_Alvinopolis__IBGE7_3102308__Brazil_Alouatta_guariba_clamitans_2017-11-16	Southeast	MG	NHP	16/11/2017	2017	Other
ON022381.1_0955/17_IV_partial_genome_Brazil_MG_Congonhal__IBGE7_3117900__Brazil_Alouatta_caraya_2017-04-06	Southeast	MG	NHP	06/04/2017	2017	Other
ON022382.1_1597/17_IV_partial_genome_Brazil_MG_Alem_Paraiba__IBGE7_3101508__Brazil_Alouatta_caraya_2017-07-03	Southeast	MG	NHP	03/07/2017	2017	Other
ON022383.1_0843/17_IV_partial_genome_Brazil_MG_Santo_Antonio_Do_Grama__IBGE7_3160108__Brazil_Cebidae_2017-04-03	Southeast	MG	NHP	03/04/2017	2017	Other
ON022384.1_1205/17_IV_partial_genome_Brazil_MG_Santa_Maria_De_Itabira__IBGE7_3158003__Brazil_Callithrix_geoffroyi_2017-04-22	Southeast	MG	NHP	22/04/2017	2017	Other
ON022385.1_1974/17_IV_partial_genome_Brazil_MG_Nova_Lima__IBGE7_3144805__Brazil_Callithrix_penicillata_2017-11-24	Southeast	MG	NHP	24/11/2017	2017	Other
ON022386.1_1192/17_IV_partial_genome_Brazil_MG_Congonhal__IBGE7_3117900__Brazil_Alouatta_caraya_2017-04-18	Southeast	MG	NHP	18/04/2017	2017	Other
ON022387.1_2043/17_IV_partial_genome_Brazil_MG_Matias_Barbosa__IBGE7_3140803__Brazil_Alouatta_caraya_2017-12-04	Southeast	MG	NHP	04/12/2017	2017	Other
ON022388.1_0883/17_IV_partial_genome_Brazil_MG_Braunas__IBGE7_3108800__Brazil_Callithrix_geoffroyi_2017-03-13	Southeast	MG	NHP	13/03/2017	2017	Other
ON022389.1_1040/17_IV_partial_genome_Brazil_MG_Igaratinga__IBGE7_3130200__Brazil_Cebidae_2017-04-12	Southeast	MG	NHP	12/04/2017	2017	Other
ON022390.1_0954/17_IV_partial_genome_Brazil_MG_Congonhal__IBGE7_3117900__Brazil_Alouatta_caraya_2017-04-06	Southeast	MG	NHP	06/04/2017	2017	Other
ON022391.1_2009/17_IV_partial_genome_Brazil_MG_Madre_De_Deus_De_Minas__IBGE7_3139102__Brazil_Alouatta_guariba_clamitans_2017-11-25	Southeast	MG	NHP	25/11/2017	2017	Other
ON022392.1_0314/18_IV_partial_genome_Brazil_MG_Juiz_De_Fora__IBGE7_3136702__Brazil_Callithrix_2018-01-29	Southeast	MG	NHP	29/01/2018	2018	Other
ON022393.1_2033/17_IV_partial_genome_Brazil_MG_Mariana__IBGE7_3140001__Brazil_Callithrix_penicillata_2017-12-05	Southeast	MG	NHP	05/12/2017	2017	Other
ON022394.1_0884/18_IV_partial_genome_Brazil_MG_Tiradentes__IBGE7_3168804__Brazil_Callithrix_penicillata_2018-04-06	Southeast	MG	NHP	06/04/2018	2018	Other
ON022395.1_0817/17_IV_partial_genome_Brazil_MG_Carmopolis_De_Minas__IBGE7_3114501__Brazil_Alouatta_guariba_clamitans_2017-03-24	Southeast	MG	NHP	24/03/2017	2017	Other
ON022396.1_0929/17_IV_partial_genome_Brazil_MG_Itapecerica__IBGE7_3133501__Brazil_Callithrix_penicillata_2017-03-23	Southeast	MG	NHP	23/03/2017	2017	Other
ON022397.1_1973/17_IV_partial_genome_Brazil_MG_Santana_Do_Deserto__IBGE7_3158607__Brazil_Alouatta_guariba_clamitans_2017-11-20	Southeast	MG	NHP	20/11/2017	2017	Other
ON022398.1_1689/17_IV_partial_genome_Brazil_MG_Alem_Paraiba__IBGE7_3101508__Brazil_Alouatta_guariba_clamitans_2017-07-17	Southeast	MG	NHP	17/07/2017	2017	Other
ON022399.1_0872/17_IV_partial_genome_Brazil_MG_Fervedouro__IBGE7_3125952__Brazil_Cebidae_2017-03-14	Southeast	MG	NHP	14/03/2017	2017	Other
ON022400.1_0918/17_IV_partial_genome_Brazil_MG_Carmo_Do_Rio_Claro__IBGE7_3114402__Brazil_Callithrix_penicillata_2017-03-23	Southeast	MG	NHP	23/03/2017	2017	Other
ON022401.1_0899/17_IV_partial_genome_Brazil_MG_Ilicinea__IBGE7_3130507__Brazil_Primates_2017-03-28	Southeast	MG	NHP	28/03/2017	2017	Other
ON022402.1_1908/17_IV_partial_genome_Brazil_MG_Casa_Grande__IBGE7_3114907__Brazil_Primates_2017-11-07	Southeast	MG	NHP	07/11/2017	2017	Other
ON022403.1_1967/17_IV_partial_genome_Brazil_MG_Congonhas__IBGE7_3118007__Brazil_Alouatta_guariba_clamitans_2017-11-07	Southeast	MG	NHP	07/11/2017	2017	Other
ON022404.1_2000/17_IV_partial_genome_Brazil_MG_Madre_De_Deus_De_Minas__IBGE7_3139102__Brazil_Alouatta_caraya_2017-11-30	Southeast	MG	NHP	30/11/2017	2017	Other
ON022405.1_1912/17_IV_partial_genome_Brazil_MG_Sabara__IBGE7_3156700__Brazil_Callithrix_penicillata_2017-10-27	Southeast	MG	NHP	27/10/2017	2017	Other
ON022406.1_1965/17_IV_partial_genome_Brazil_MG_Santana_Do_Deserto__IBGE7_3158607__Brazil_Alouatta_guariba_clamitans_2017-10-25	Southeast	MG	NHP	25/10/2017	2017	Other
ON022407.1_0869/17_IV_partial_genome_Brazil_MG_Sao_Joao_Da_Mata__IBGE7_3162302__Brazil_Alouatta_guariba_clamitans_2017-03-13	Southeast	MG	NHP	13/03/2017	2017	Other
ON022408.1_1309/17_IV_partial_genome_Brazil_MG_Senador_Amaral__IBGE7_3165578__Brazil_Alouatta_caraya_2017-05-04	Southeast	MG	NHP	04/05/2017	2017	Other
ON022409.1_1209/17_IV_partial_genome_Brazil_MG_Rio_Doce__IBGE7_3155009__Brazil_Alouatta_caraya_2017-04-18	Southeast	MG	NHP	18/04/2017	2017	Other
ON022410.1_0949/17_IV_partial_genome_Brazil_MG_Sao_Tiago__IBGE7_3165008__Brazil_Callithrix_penicillata_2017-04-06	Southeast	MG	NHP	06/04/2017	2017	Other
ON022411.1_2002/17_IV_partial_genome_Brazil_MG_Belo_Horizonte__IBGE7_3106200__Brazil_Callithrix_penicillata_2017-12-05	Southeast	MG	NHP	05/12/2017	2017	Other
ON022412.1_1593/17_IV_partial_genome_Brazil_MG_Sao_Joao_Del_Rei__IBGE7_3162500__Brazil_Alouatta_caraya_2017-07-04	Southeast	MG	NHP	04/07/2017	2017	Other
ON022413.1_1942/17_IV_partial_genome_Brazil_MG_Mar_De_Espanha__IBGE7_3139805__Brazil_Alouatta_guariba_clamitans_2017-11-08	Southeast	MG	NHP	08/11/2017	2017	Other
ON022414.1_0952/17_IV_partial_genome_Brazil_MG_Congonhal__IBGE7_3117900__Brazil_Alouatta_caraya_2017-04-03	Southeast	MG	NHP	03/04/2017	2017	Other
ON022415.1_0849/17_IV_partial_genome_Brazil_MG_Santa_Maria_De_Itabira__IBGE7_3158003__Brazil_Callithrix_geoffroyi_2017-04-03	Southeast	MG	NHP	03/04/2017	2017	Other
ON022416.1_1258/17_IV_partial_genome_Brazil_MG_Rio_Doce__IBGE7_3155009__Brazil_Alouatta_caraya_2017-05-05	Southeast	MG	NHP	05/05/2017	2017	Other
ON022417.1_1938/17_IV_partial_genome_Brazil_MG_Caete__IBGE7_3110004__Brazil_Alouatta_guariba_clamitans_2017-10-31	Southeast	MG	NHP	31/10/2017	2017	Other
ON022418.1_0810/17_IV_partial_genome_Brazil_MG_Ilicinea__IBGE7_3130507__Brazil_Sapajus_apella_2017-03-24	Southeast	MG	NHP	24/03/2017	2017	Other
ON022419.1_1902/17_IV_partial_genome_Brazil_MG_Casa_Grande__IBGE7_3114907__Brazil_Primates_2017-11-05	Southeast	MG	NHP	05/11/2017	2017	Other
ON022420.1_2077/17_IV_partial_genome_Brazil_MG_Juiz_De_Fora__IBGE7_3136702__Brazil_Alouatta_caraya_2017-12-13	Southeast	MG	NHP	13/12/2017	2017	Other
ON022421.1_1204/17_IV_partial_genome_Brazil_MG_Senador_Amaral__IBGE7_3165578__Brazil_Alouatta_caraya_2017-04-11	Southeast	MG	NHP	11/04/2017	2017	Other
ON022422.1_0927/17_IV_partial_genome_Brazil_MG_Taquaracu_De_Minas__IBGE7_3168309__Brazil_Cebidae_2017-03-25	Southeast	MG	NHP	25/03/2017	2017	Other
ON022423.1_1975/17_IV_partial_genome_Brazil_MG_Belo_Horizonte__IBGE7_3106200__Brazil_Callithrix_penicillata_2017-11-29	Southeast	MG	NHP	29/11/2017	2017	Other
ON022424.1_2081/17_IV_partial_genome_Brazil_MG_Piau__IBGE7_3150109__Brazil_Alouatta_guariba_clamitans_2017-12-21	Southeast	MG	NHP	21/12/2017	2017	Other
ON022425.1_1911/17_IV_partial_genome_Brazil_MG_Sabara__IBGE7_3156700__Brazil_Callithrix_penicillata_2017-10-26	Southeast	MG	NHP	26/10/2017	2017	Other
ON022426.1_0877/17_IV_partial_genome_Brazil_MG_Andradas__IBGE7_3102605__Brazil_Cebidae_2017-03-14	Southeast	MG	NHP	14/03/2017	2017	Other
ON022427.1_2042/17_IV_partial_genome_Brazil_MG_Simao_Pereira__IBGE7_3167509__Brazil_Alouatta_guariba_clamitans_2017-12-03	Southeast	MG	NHP	03/12/2017	2017	Other
ON022428.1_0614/17_IV_partial_genome_Brazil_MG_Itabira__IBGE7_3131703__Brazil_Alouatta_caraya_2017-03-02	Southeast	MG	NHP	02/03/2017	2017	Other
ON022429.1_1193/17_IV_partial_genome_Brazil_MG_Congonhal__IBGE7_3117900__Brazil_Alouatta_caraya_2017-04-18	Southeast	MG	NHP	18/04/2017	2017	Other
ON022430.1_1015/17_IV_partial_genome_Brazil_MG_Marlieria__IBGE7_3140308__Brazil_Alouatta_caraya_2017-03-21	Southeast	MG	NHP	21/03/2017	2017	Other
ON022431.1_2005/17_IV_partial_genome_Brazil_MG_Belo_Horizonte__IBGE7_3106200__Brazil_Cebidae_2017-12-05	Southeast	MG	NHP	05/12/2017	2017	Other
ON022432.1_2065/17_IV_partial_genome_Brazil_MG_Santo_Antonio_Do_Aventureiro__IBGE7_3160009__Brazil_Alouatta_guariba_clamitans_2017-12-07	Southeast	MG	NHP	07/12/2017	2017	Other
ON022433.1_3048/2018_partial_genome_Brazil_RJ_Angra_Dos_Reis__IBGE7_3300100__Brazil_Alouatta_2018-02-26	Southeast	RJ	NHP	26/02/2018	2018	Other
ON022434.1_2222/2018_partial_genome_Brazil_RJ_Angra_Dos_Reis__IBGE7_3300100__Brazil_Alouatta_2018-02-08	Southeast	RJ	NHP	08/02/2018	2018	Other
ON022435.1_7578/2017_partial_genome_Brazil_RJ_Miguel_Pereira__IBGE7_3302908__Brazil_Alouatta_2017-10-23	Southeast	RJ	NHP	23/10/2017	2017	Other
ON022436.1_3052/2018_partial_genome_Brazil_RJ_Angra_Dos_Reis__IBGE7_3300100__Brazil_Alouatta_2018-02-26	Southeast	RJ	NHP	26/02/2018	2018	Other
ON022437.1_1542/2018_partial_genome_Brazil_RJ_Rio_De_Janeiro__IBGE7_3304557__Brazil_Callithrix_2018-02-05	Southeast	RJ	NHP	05/02/2018	2018	Other
ON022438.1_3953/2018_partial_genome_Brazil_RJ_Volta_Redonda__IBGE7_3306305__Brazil_Alouatta_2018-03-20	Southeast	RJ	NHP	20/03/2018	2018	Other
ON022439.1_4884/2017_partial_genome_Brazil_RJ_Carmo__IBGE7_3301207__Brazil_Alouatta_2017-04-20	Southeast	RJ	NHP	20/04/2017	2017	Other
ON022440.1_1544/2018_partial_genome_Brazil_RJ_Rio_De_Janeiro__IBGE7_3304557__Brazil_Alouatta_2018-02-05	Southeast	RJ	NHP	05/02/2018	2018	Other
ON022442.1_5509/2018_partial_genome_Brazil_RJ_Cachoeiras_De_Macacu__IBGE7_3300803__Brazil_Callithrix_2018-04-17	Southeast	RJ	NHP	17/04/2018	2018	Other
ON022443.1_5597/2017_partial_genome_Brazil_RJ_Macuco__IBGE7_3302452__Brazil_Alouatta_2017-05-19	Southeast	RJ	NHP	19/05/2017	2017	Other
ON022444.1_2142/2017_partial_genome_Brazil_ES_Serra__IBGE7_3205002__Brazil_Alouatta_2017-03-20	Southeast	ES	NHP	20/03/2017	2017	Other
ON022445.1_0791/2018_partial_genome_Brazil_RJ_Valenca__IBGE7_3306107__Brazil_Callithrix_2018-01-22	Southeast	RJ	NHP	22/01/2018	2018	Other
ON022446.1_3058/2017_partial_genome_Brazil_ES_Santa_Leopoldina__IBGE7_3204500__Brazil_Primates_2017-04-03	Southeast	ES	NHP	03/04/2017	2017	Other
ON022447.1_3480/2017_partial_genome_3480/2017_Brazil_ES_Santa_Leopoldina_2017-04-02	Southeast	ES	Human	02/04/2017	2017	Other
ON022448.1_5058/2018_partial_genome_Brazil_RJ_Itatiaia__IBGE7_3302254__Brazil_Callithrix_2018-04-12	Southeast	RJ	NHP	12/04/2018	2018	Other
ON022449.1_3637/2018_partial_genome_Brazil_RJ_Valenca__IBGE7_3306107__Brazil_Callithrix_2018-03-13	Southeast	RJ	NHP	13/03/2018	2018	Other
ON022450.1_1036/2018_partial_genome_Brazil_RJ_Duas_Barras__IBGE7_3301603__Brazil_Callithrix_2018-01-24	Southeast	RJ	NHP	24/01/2018	2018	Other
ON022451.1_0803/2018_partial_genome_Brazil_RJ_Angra_Dos_Reis__IBGE7_3300100__Brazil_Alouatta_2018-01-18	Southeast	RJ	NHP	18/01/2018	2018	Other
ON022452.1_2454/2018_partial_genome_Brazil_RJ_Angra_Dos_Reis__IBGE7_3300100__Brazil_Alouatta_2018-02-19	Southeast	RJ	NHP	19/02/2018	2018	Other
ON022453.1_3144/2018_partial_genome_Brazil_RJ_Angra_Dos_Reis__IBGE7_3300100__Brazil_Callithrix_2018-02-28	Southeast	RJ	NHP	28/02/2018	2018	Other
ON022454.1_2380/2018_partial_genome_Brazil_RJ_Angra_Dos_Reis__IBGE7_3300100__Brazil_Alouatta_2018-02-19	Southeast	RJ	NHP	19/02/2018	2018	Other
ON022455.1_5280/2017_partial_genome_Brazil_RJ_Santa_Maria_Madalena__IBGE7_3304607__Brazil_Alouatta_2017-05-02	Southeast	RJ	NHP	02/05/2017	2017	Other
ON022456.1_0250/2017_partial_genome_Brazil_ES_Itarana__IBGE7_3202900__Brazil_Primates_2017-01-23	Southeast	ES	NHP	23/01/2017	2017	Other
ON022457.1_4580/2018_partial_genome_Brazil_RJ_Cachoeiras_De_Macacu__IBGE7_3300803__Brazil_Callithrix_2018-04-03	Southeast	RJ	NHP	03/04/2018	2018	Other
ON022458.1_1537/2018_partial_genome_Brazil_RJ_Rio_De_Janeiro__IBGE7_3304557__Brazil_Alouatta_2018-02-05	Southeast	RJ	NHP	05/02/2018	2018	Other
ON022459.1_3634/2018_partial_genome_Brazil_RJ_Angra_Dos_Reis__IBGE7_3300100__Brazil_Callithrix_2018-03-13	Southeast	RJ	NHP	13/03/2018	2018	Other
ON022460.1_4271/2017_partial_genome_Brazil_RJ_Carmo__IBGE7_3301207__Brazil_Alouatta_2017-04-17	Southeast	RJ	NHP	17/04/2017	2017	Other
ON022461.1_0253/2017_partial_genome_Brazil_ES_Santa_Teresa__IBGE7_3204609__Brazil_Primates_2017-01-24	Southeast	ES	NHP	24/01/2017	2017	Other
ON022462.1_5046/2018_partial_genome_Brazil_RJ_Volta_Redonda__IBGE7_3306305__Brazil_Callithrix_2018-04-13	Southeast	RJ	NHP	13/04/2018	2018	Other
ON022463.1_4301/2017_partial_genome_Brazil_RJ_Marica__IBGE7_3302700__Brazil_Alouatta_2017-04-17	Southeast	RJ	NHP	17/04/2017	2017	Other
ON022464.1_0440/2017_partial_genome_Brazil_ES_Santa_Teresa__IBGE7_3204609__Brazil_Primates_2017-01-26	Southeast	ES	NHP	26/01/2017	2017	Other
ON022465.1_4584/2018_partial_genome_Brazil_RJ_Vassouras__IBGE7_3306206__Brazil_Callithrix_2018-04-03	Southeast	RJ	NHP	03/04/2018	2018	Other
ON022466.1_5599/2017_partial_genome_Brazil_RJ_Macuco__IBGE7_3302452__Brazil_Alouatta_2017-05-19	Southeast	RJ	NHP	19/05/2017	2017	Other
ON022467.1_4886/2017_partial_genome_Brazil_RJ_Rio_De_Janeiro__IBGE7_3304557__Brazil_Callithrix_2017-04-24	Southeast	RJ	NHP	24/04/2017	2017	Other
ON022468.1_2123/2017_partial_genome_Brazil_ES_Aracruz__IBGE7_3200607__Brazil_Primates_2017-03-06	Southeast	ES	NHP	06/03/2017	2017	Other
ON022469.1_4878/2017_partial_genome_Brazil_RJ_Niteroi__IBGE7_3303302__Brazil_Callithrix_2017-04-20	Southeast	RJ	NHP	20/04/2017	2017	Other
ON022470.1_1934/2018_partial_genome_1934/2018_Brazil_RJ_Rio_De_Janeiro_2018-02-15	Southeast	RJ	Human	15/02/2018	2018	Other
ON022471.1_0612/2018_partial_genome_0612/2018_Brazil_RJ_Cantagalo_2018-01-24	Southeast	RJ	Human	24/01/2018	2018	Other
ON022472.1_2643/2018_partial_genome_2643/2018_Brazil_RJ_Angra_Dos_Reis_2018-02-24	Southeast	RJ	Human	24/02/2018	2018	Other
ON022473.1_2291/2018_partial_genome_2291/2018_Brazil_RJ_Bom_Jardim_2018-02-16	Southeast	RJ	Human	16/02/2018	2018	Other
ON022474.1_5435/2018_partial_genome_5435/2018_Brazil_MG_Juiz_De_Fora_Brazil_Human_2018-02-18	Southeast	MG	Human	18/02/2018	2018	Other
ON022475.1_2544/2018_partial_genome_2544/2018_Brazil_RJ_Barra_Mansa_2018-02-22	Southeast	RJ	Human	22/02/2018	2018	Other
ON022476.1_1617/2018_partial_genome_1617/2018_Brazil_RJ_Teresopolis_2018-02-06	Southeast	RJ	Human	06/02/2018	2018	Other
ON022477.1_1949/2018_partial_genome_1949/2018_Brazil_RJ_Rio_De_Janeiro_2018-02-14	Southeast	RJ	Human	14/02/2018	2018	Other
ON022478.1_2054/2018_partial_genome_2054/2018_Brazil_RJ_Duas_Barras_2018-02-09	Southeast	RJ	Human	09/02/2018	2018	Other
ON022479.1_0730/2018_partial_genome_0730/2018_Brazil_RJ_Sumidouro_2018-01-24	Southeast	RJ	Human	24/01/2018	2018	Other
ON022480.1_2301/2018_partial_genome_2301/2018_Brazil_RJ_Teresopolis_2018-02-19	Southeast	RJ	Human	19/02/2018	2018	Other
ON022481.1_2055/2018_partial_genome_2055/2018_Brazil_RJ_Teresopolis_2018-02-16	Southeast	RJ	Human	16/02/2018	2018	Other
ON022482.1_2540/2018_partial_genome_2540/2018_Brazil_RJ_Bom_Jardim_2018-02-20	Southeast	RJ	Human	20/02/2018	2018	Other
ON022483.1_2138/2018_partial_genome_2138/2018_Brazil_RJ_Nova_Friburgo_2018-02-16	Southeast	RJ	Human	16/02/2018	2018	Other
ON022484.1_2137/2018_partial_genome_2137/2018_Brazil_RJ_Angra_Dos_Reis_2018-02-20	Southeast	RJ	Human	20/02/2018	2018	Other
ON022485.1_1781/2018_partial_genome_1781/2018_Brazil_RJ_Angra_Dos_Reis_2018-02-08	Southeast	RJ	Human	08/02/2018	2018	Other
ON022486.1_2634/2018_partial_genome_2634/2018_Brazil_RJ_Niteroi_2018-02-22	Southeast	RJ	Human	22/02/2018	2018	Other
ON022487.1_2136/2018_partial_genome_2136/2018_Brazil_RJ_Angra_Dos_Reis_2018-02-19	Southeast	RJ	Human	19/02/2018	2018	Other
ON022488.1_1828/2018_partial_genome_1828/2018_Brazil_RJ_Angra_Dos_Reis_2018-02-11	Southeast	RJ	Human	11/02/2018	2018	Other
ON022489.1_1797/2018_partial_genome_1797/2018_Brazil_RJ_Teresopolis_2018-02-06	Southeast	RJ	Human	06/02/2018	2018	Other
ON022490.1_1950/2018_partial_genome_1950/2018_Brazil_RJ_Rio_De_Janeiro_2018-02-15	Southeast	RJ	Human	15/02/2018	2018	Other
ON022491.1_2153/2018_partial_genome_2153/2018_Brazil_RJ_Duas_Barras_2018-02-09	Southeast	RJ	Human	09/02/2018	2018	Other
ON022492.1_0569/2018_partial_genome_0569/2018_Brazil_RJ_Valenca_2018-01-20	Southeast	RJ	Human	20/01/2018	2018	Other
ON022493.1_2498/2018_partial_genome_2498/2018_Brazil_RJ_Cachoeiras_De_Macacu_2018-02-21	Southeast	RJ	Human	21/02/2018	2018	Other
ON022494.1_2663/2018_partial_genome_2663/2018_Brazil_RJ_Nova_Friburgo_2018-02-17	Southeast	RJ	Human	17/02/2018	2018	Other
ON022495.1_2334/2018_partial_genome_2334/2018_Brazil_RS_Sao_Leopoldo_2018-02-09	South	RS	Human	09/02/2018	2018	Other
ON022496.1_1547/2017_partial_genome_1547/2017_Brazil_ES_Cariacica_2017-02-24	Southeast	ES	Human	24/02/2017	2017	Other
ON022497.1_2545/2018_partial_genome_2545/2018_Brazil_RJ_Italva_2018-02-21	Southeast	RJ	Human	21/02/2018	2018	Other
ON022498.1_0913/2018_partial_genome_0913/2018_Brazil_RJ_Valenca_2018-01-25	Southeast	RJ	Human	25/01/2018	2018	Other
ON022499.1_2497/2018_partial_genome_2497/2018_Brazil_RJ_Duas_Barras_2018-02-21	Southeast	RJ	Human	21/02/2018	2018	Other
ON022500.1_2176/2018_partial_genome_2176/2018_Brazil_RJ_Valenca_2018-02-19	Southeast	RJ	Human	19/02/2018	2018	Other
ON022501.1_2146/2018_partial_genome_2146/2018_Brazil_RJ_Cachoeiras_De_Macacu_2018-02-20	Southeast	RJ	Human	20/02/2018	2018	Other
ON022502.1_2139/2018_partial_genome_2139/2018_Brazil_RJ_Trajano_De_Moraes_2018-02-19	Southeast	RJ	Human	19/02/2018	2018	Other
ON022503.1_1840/2018_partial_genome_1840/2018_Brazil_RJ_Duas_Barras_2018-02-05	Southeast	RJ	Human	05/02/2018	2018	Other
ON022504.1_2153/2017_partial_genome_2153/2017_Brazil_ES_Viana_2017-03-17	Southeast	ES	Human	17/03/2017	2017	Other
ON022505.1_2051/2018_partial_genome_2051/2018_Brazil_RJ_Duas_Barras_2018-02-21	Southeast	RJ	Human	21/02/2018	2018	Other
ON022506.1_1004/2018_partial_genome_1004/2018_Brazil_RJ_Valenca_2018-01-24	Southeast	RJ	Human	24/01/2018	2018	Other
ON022507.1_0568/2018_partial_genome_0568/2018_Brazil_RJ_Rio_Das_Flores_2018-01-18	Southeast	RJ	Human	18/01/2018	2018	Other
ON022508.1_0921/2018_partial_genome_0921/2018_Brazil_RJ_Valenca_2018-01-25	Southeast	RJ	Human	25/01/2018	2018	Other
ON022509.1_1577/2018_partial_genome_1577/2018_Brazil_RJ_Cantagalo_2018-02-05	Southeast	RJ	Human	05/02/2018	2018	Other
ON022510.1_1532/2017_partial_genome_1532/2017_Brazil_ES_Vitoria_2017-03-02	Southeast	ES	Human	02/03/2017	2017	Other
ON022511.1_2555/2018_partial_genome_2555/2018_Brazil_RJ_Nova_Friburgo_2018-02-22	Southeast	RJ	Human	22/02/2018	2018	Other
ON022512.1_2551/2018_partial_genome_2551/2018_Brazil_RJ_Angra_Dos_Reis_2018-02-20	Southeast	RJ	Human	20/02/2018	2018	Other
ON022513.1_2151/2018_partial_genome_2151/2018_Brazil_RJ_Duas_Barras_2018-02-11	Southeast	RJ	Human	11/02/2018	2018	Other
ON022514.1_0620/2018_partial_genome_0620/2018_Brazil_RJ_Valenca_2018-01-24	Southeast	RJ	Human	24/01/2018	2018	Other
ON022515.1_2635/2018_partial_genome_2635/2018_Brazil_RJ_Niteroi_2018-02-22	Southeast	RJ	Human	22/02/2018	2018	Other
ON022516.1_0402/2018_partial_genome_0402/2018_Brazil_RJ_Teresopolis_2018-01-20	Southeast	RJ	Human	20/01/2018	2018	Other
ON022517.1_1868/2018_partial_genome_Brazil_RJ_Volta_Redonda__IBGE7_3306305__Brazil_Callithrix_2018-02-05	Southeast	RJ	NHP	05/02/2018	2018	Other
ON022518.1_2069/2017_partial_genome_Brazil_ES_Serra__IBGE7_3205002__Brazil_Primates_2017-02-27	Southeast	ES	NHP	27/02/2017	2017	Other
ON022519.1_4871/2017_partial_genome_Brazil_RJ_Itaperuna__IBGE7_3302205__Brazil_Callithrix_2017-04-18	Southeast	RJ	NHP	18/04/2017	2017	Other
ON022520.1_1813/2017_partial_genome_1813/2017_Brazil_ES_Santa_Maria_De_Jetiba_2017-03-07	Southeast	ES	Human	07/03/2017	2017	Other
ON022521.1_5022/2017_partial_genome_5022/2017_Brazil_RJ_Silva_Jardim_2017-04-25	Southeast	RJ	Human	25/04/2017	2017	Other
ON022522.1_5817/2017_partial_genome_5817/2017_Brazil_RJ_Macae_2017-06-02	Southeast	RJ	Human	02/06/2017	2017	Other
ON022523.1_1442/2017_partial_genome_1442/2017_Brazil_ES_Muniz_Freira_2017-02-21	Southeast	ES	Human	21/02/2017	2017	Other
ON022524.1_0712/2017_partial_genome_0712/2017_Brazil_ES_Laranja_Da_Terra_2017-01-30	Southeast	ES	Human	30/01/2017	2017	Other
ON022525.1_1526/2017_partial_genome_1526/2017_Brazil_ES_Conceicao_Do_Castelo_2017	Southeast	ES	Human	2017	2017	Other
ON022526.1_1839/2018_partial_genome_1839/2018_Brazil_RJ_Angra_Dos_Reis_2018-02-13	Southeast	RJ	Human	13/02/2018	2018	Other
ON022527.1_1522/2017_partial_genome_1522/2017_Brazil_ES_Iuna_2017-02-22	Southeast	ES	Human	22/02/2017	2017	Other
ON022528.1_1527/2017_partial_genome_1527/2017_Brazil_ES_Cachoeiro_De_Itapemirim_2017-02-12	Southeast	ES	Human	12/02/2017	2017	Other
ON022529.1_1994/2017_partial_genome_1994/2017_Brazil_ES_Venda_Nova_Do_Imigrante_2017-03-16	Southeast	ES	Human	16/03/2017	2017	Other
ON022530.1_3851/2018_partial_genome_Brazil_ES_Santa_Leopoldina__IBGE7_3204500__Brazil_Primates_2018-01-25	Southeast	ES	NHP	25/01/2018	2018	Other
ON022531.1_0231/2017_partial_genome_0231/2017_Brazil_ES_Brejetuba_2017-01-20	Southeast	ES	Human	20/01/2017	2017	Other
ON022532.1_0404/2017_partial_genome_0404/2017_Brazil_ES_Ibatiba_2017-01-29	Southeast	ES	Human	29/01/2017	2017	Other
ON022533.1_1821/2018_partial_genome_1821/2018_Brazil_RJ_Angra_Dos_Reis_2018-02-11	Southeast	RJ	Human	11/02/2018	2018	Other
ON022534.1_0766/2018_partial_genome_0766/2018_Brazil_RJ_Teresopolis_2018-02-27	Southeast	RJ	Human	27/02/2018	2018	Other
ON022535.1_0277/2017_partial_genome_0277/2017_Brazil_ES_Ibatiba_2017-01-26	Southeast	ES	Human	26/01/2017	2017	Other
ON022536.1_0273/2017_partial_genome_0273/2017_Brazil_ES_Ibatiba_2017-01-25	Southeast	ES	Human	25/01/2017	2017	Other
ON022537.1_0760/2017_partial_genome_0760/2017_Brazil_ES_Vitoria_2017-02-06	Southeast	ES	Human	06/02/2017	2017	Other
ON022538.1_0725/2017_partial_genome_0725/2017_Brazil_ES_Baixo_Guandu_2017-01-27	Southeast	ES	Human	27/01/2017	2017	Other
ON022539.1_1123/2017_partial_genome_1123/2017_Brazil_ES_Aracruz_2017-02-10	Southeast	ES	Human	10/02/2017	2017	Other
ON022540.1_CP6_partial_genome_CP6_Brazil_SP_Carapicuiba_2018-03-11	Southeast	SP	Human	11/03/2018	2018	Other
ON022541.1_CP12_partial_genome_CP12_Brazil_SP_Sao_Bento_Do_Sapucai_2018-03-28	Southeast	SP	Human	28/03/2018	2018	Other
ON022542.1_CP13_partial_genome_CP13_Brazil_SP_Guarulhos_2018-03-28	Southeast	SP	Human	28/03/2018	2018	Other
ON022543.1_CP16_partial_genome_CP16_Brazil_SP_Ubatuba_2018-04-11	Southeast	SP	Human	11/04/2018	2018	Other
ON022544.1_CP18_partial_genome_CP18_Brazil_SP_Ubatuba_2018-04-15	Southeast	SP	Human	15/04/2018	2018	Other
ON022545.1_CP20_partial_genome_CP20_Brazil_SP_Eldorado_2019-01-15	Southeast	SP	Human	15/01/2019	2019	Other
ON022546.1_CP21_partial_genome_CP21_Brazil_SP_Eldorado_2019-01-15	Southeast	SP	Human	15/01/2019	2019	Other
ON022547.1_CP22_partial_genome_CP22_Brazil_SP_Eldorado_2019-01-18	Southeast	SP	Human	18/01/2019	2019	Other
ON022548.1_CP23_partial_genome_CP23_Brazil_SP_Cananeia_2019-01-19	Southeast	SP	Human	19/01/2019	2019	Other
ON022549.1_CP27_partial_genome_CP27_Brazil_SP_Cajati_2019-01-29	Southeast	SP	Human	29/01/2019	2019	Other
ON022550.1_CP28_partial_genome_CP28_Brazil_SP_Sao_Paulo_2019-01-30	Southeast	SP	Human	30/01/2019	2019	Other
ON022551.1_CP31_partial_genome_CP31_Brazil_SP_Registro_2019-02-17	Southeast	SP	Human	17/02/2019	2019	Other
ON022552.1_CP33_partial_genome_CP33_Brazil_SP_Barra_Do_Turvo_2019-02-24	Southeast	SP	Human	24/02/2019	2019	Other
ON022554.1_CP38_partial_genome_CP38_Brazil_SP_Piracaia_2018-03-14	Southeast	SP	Human	14/03/2018	2018	Other
ON022555.1_CP42_partial_genome_CP42_Brazil_SP_Osasco_2019-01-09	Southeast	SP	Human	09/01/2019	2019	Other
ON022556.1_CP43_partial_genome_CP43_Brazil_SP_Eldorado_2019-01-14	Southeast	SP	Human	14/01/2019	2019	Other
ON022557.1_CP44_partial_genome_CP44_Brazil_SP_Eldorado_2019-01-14	Southeast	SP	Human	14/01/2019	2019	Other
ON022558.1_CP46_partial_genome_CP46_Brazil_SP_Iporanga_2019-01-20	Southeast	SP	Human	20/01/2019	2019	Other
ON022559.1_CP49_partial_genome_CP49_Brazil_SP_Cajati_2019-01-31	Southeast	SP	Human	31/01/2019	2019	Other
ON022560.1_CP50_partial_genome_CP50_Brazil_SP_Barra_Do_Turvo_2019-02-06	Southeast	SP	Human	06/02/2019	2019	Other
ON022561.1_CP51_partial_genome_CP51_Brazil_SP_Barra_Do_Turvo_2019-02-07	Southeast	SP	Human	07/02/2019	2019	Other
ON022562.1_CP52_partial_genome_CP52_Brazil_SP_Barra_Do_Turvo_2019-02-07	Southeast	SP	Human	07/02/2019	2019	Other
ON022563.1_CP24_partial_genome_CP24_Brazil_SP_Iporanga_2019-01-20	Southeast	SP	Human	20/01/2019	2019	Other
ON022565.1_PNH2803_partial_genome_Brazil_SP_Itapecerica_Da_Serra__IBGE7_3522208__Brazil_Primates_2018-01-02	Southeast	SP	NHP	02/01/2018	2018	Other
ON022566.1_PNH2772_partial_genome_Brazil_SP_Vargem_Grande_Paulista__IBGE7_3556453__Brazil_Alouatta_2017-12-21	Southeast	SP	NHP	21/12/2017	2017	Other
ON022567.1_PNH2773_partial_genome_Brazil_SP_Vargem_Grande_Paulista__IBGE7_3556453__Brazil_Alouatta_2017-12-21	Southeast	SP	NHP	21/12/2017	2017	Other
ON022569.1_PNH2806_partial_genome_Brazil_SP_Itapecerica_Da_Serra__IBGE7_3522208__Brazil_Primates_2018-01-06	Southeast	SP	NHP	06/01/2018	2018	Other
ON022570.1_PNH2792_partial_genome_Brazil_SP_Itapecerica_Da_Serra__IBGE7_3522208__Brazil_Primates_2017-12-19	Southeast	SP	NHP	19/12/2017	2017	Other
ON022571.1_PNH2795_partial_genome_Brazil_SP_Itapecerica_Da_Serra__IBGE7_3522208__Brazil_Primates_2017-12-20	Southeast	SP	NHP	20/12/2017	2017	Other
ON022572.1_PNH3568_partial_genome_Brazil_SP_Sarapui__IBGE7_3551108__Brazil_Alouatta_2018-03-01	Southeast	SP	NHP	01/03/2018	2018	Other
ON022573.1_PNH951_partial_genome_Brazil_SP_Campinas__IBGE7_3509502__Brazil_Alouatta_2017-03-28	Southeast	SP	NHP	28/03/2017	2017	Other
ON022574.1_PNH968_partial_genome_Brazil_SP_Braganca_Paulista__IBGE7_3507605__Brazil_Alouatta_2017-03-17	Southeast	SP	NHP	17/03/2017	2017	Other
ON022575.1_PNH880_partial_genome_Brazil_SP_Monte_Alegre_Do_Sul__IBGE7_3531209__Brazil_Primates_2017-03-27	Southeast	SP	NHP	27/03/2017	2017	Other
ON022576.1_PNH983_partial_genome_Brazil_SP_Pinhalzinho__IBGE7_3538204__Brazil_Alouatta_2017-04-04	Southeast	SP	NHP	04/04/2017	2017	Other
ON022577.1_PNH4179/1_partial_genome_Brazil_SP_Sao_Paulo__IBGE7_3550308__Brazil_Alouatta_2018-06-08	Southeast	SP	NHP	08/06/2018	2018	Other
ON022578.1_PNH558_partial_genome_Brazil_SP_Monte_Alegre_Do_Sul__IBGE7_3531209__Brazil_Alouatta_2017-02-24	Southeast	SP	NHP	24/02/2017	2017	Other
ON022579.1_PNH990_partial_genome_Brazil_SP_Pinhalzinho__IBGE7_3538204__Brazil_Alouatta_2017-04-01	Southeast	SP	NHP	01/04/2017	2017	Other
ON022580.1_PNH987_partial_genome_Brazil_SP_Pinhalzinho__IBGE7_3538204__Brazil_Alouatta_2017-04-03	Southeast	SP	NHP	03/04/2017	2017	Other
ON022581.1_302_partial_genome_Brazil_SP_Ribeirao_Preto__IBGE7_3543402__Brazil_Alouatta_2017-01-23	Southeast	SP	NHP	23/01/2017	2017	Other
ON022582.1_PNH493_partial_genome_Brazil_SP_Aguas_Da_Prata__IBGE7_3500402__Brazil_Cebus_2017-02-27	Southeast	SP	NHP	27/02/2017	2017	Other
ON022583.1_PNH4183_partial_genome_Brazil_SP_Sao_Sebastiao__IBGE7_3550704__Brazil_Alouatta_2018-06-05	Southeast	SP	NHP	05/06/2018	2018	Other
ON022584.1_PNH3452_partial_genome_Brazil_SP_Pindamonhangaba__IBGE7_3538006__Brazil_Alouatta_2018-03-17	Southeast	SP	NHP	17/03/2018	2018	Other
ON022585.1_PNH3460_partial_genome_Brazil_SP_Campos_Do_Jordao__IBGE7_3509700__Brazil_Cebus_2018-03-15	Southeast	SP	NHP	15/03/2018	2018	Other
ON022586.1_PNH2915_partial_genome_Brazil_SP_Jacarei__IBGE7_3524402__Brazil_Alouatta_2018-01-14	Southeast	SP	NHP	14/01/2018	2018	Other
ON022587.1_PNH2984_partial_genome_Brazil_SP_Igarata__IBGE7_3520202__Brazil_Alouatta_2018-01-28	Southeast	SP	NHP	28/01/2018	2018	Other
ON022588.1_PNH2987_partial_genome_Brazil_SP_Tapirai__IBGE7_3553500__Brazil_Alouatta_2018-01-22	Southeast	SP	NHP	22/01/2018	2018	Other
ON022589.1_PNH3025_partial_genome_Brazil_SP_Sao_Jose_Dos_Campos__IBGE7_3549904__Brazil_Alouatta_2018-01-31	Southeast	SP	NHP	31/01/2018	2018	Other
ON022590.1_PNH3089_partial_genome_Brazil_SP_Tapirai__IBGE7_3553500__Brazil_Alouatta_2018-01-31	Southeast	SP	NHP	31/01/2018	2018	Other
ON022591.1_PNH3254_partial_genome_Brazil_SP_Sao_Jose_Dos_Campos__IBGE7_3549904__Brazil_Alouatta_2018-02-09	Southeast	SP	NHP	09/02/2018	2018	Other
ON022592.1_PNH3273_partial_genome_Brazil_SP_Pilaro_Do_Sul__IBGE7_3537909__Brazil_Alouatta_2018-02-19	Southeast	RJ	NHP	19/02/2018	2018	Other
ON022593.1_PNH3533_partial_genome_Brazil_SP_Taubate__IBGE7_3554102__Brazil_Primates_2018-03-21	Southeast	SP	NHP	21/03/2018	2018	Other
ON022594.1_PNH2989_partial_genome_Brazil_SP_Salto_De_Pirapora__IBGE7_3545308__Brazil_Alouatta_2018-01-23	Southeast	SP	NHP	23/01/2018	2018	Other
ON022595.1_PNH3896_partial_genome_Brazil_SP_Sao_Sebastiao__IBGE7_3550704__Brazil_Alouatta_2018-05-03	Southeast	SP	NHP	03/05/2018	2018	Other
ON022596.1_PNH1296_partial_genome_Brazil_SP_Vinhedo__IBGE7_3556701__Brazil_Alouatta_2017-04-29	Southeast	SP	NHP	29/04/2017	2017	Other
ON022597.1_PNH3349_partial_genome_Brazil_SP_Itapecerica_Da_Serra__IBGE7_3522208__Brazil_Primates_2018-01-16	Southeast	SP	NHP	16/01/2018	2018	Other
ON022598.1_PNH3350_partial_genome_Brazil_SP_Itapecerica_Da_Serra__IBGE7_3522208__Brazil_Primates_2018-01-17	Southeast	SP	NHP	17/01/2018	2018	Other
ON022599.1_PNH3299_partial_genome_Brazil_SP_Tambau__IBGE7_3553302__Brazil_Cebus_2018-02-20	Southeast	SP	NHP	20/02/2018	2018	Other
ON022600.1_PNH152_partial_genome_Brazil_SP_Jaboticabal__IBGE7_3524303__Brazil_Alouatta_2016-12-13	Southeast	SP	NHP	13/12/2016	2016	Other
ON022602.1_PNH3278_duplicate_partial_genome_Brazil_SP_Sarapui__IBGE7_3551108__Brazil_Alouatta_2018-02-09	Southeast	SP	NHP	09/02/2018	2018	Other
ON022603.1_PNH2871_partial_genome_Brazil_SP_Sao_Paulo__IBGE7_3550308__Brazil_Alouatta_2018-01-04	Southeast	SP	NHP	04/01/2018	2018	Other
ON022604.1_PNH1641_partial_genome_Brazil_SP_Louveira__IBGE7_3527306__Brazil_Alouatta_2017-06-04	Southeast	SP	NHP	04/06/2017	2017	Other
ON022605.1_PNH1648_partial_genome_Brazil_SP_Braganca_Paulista__IBGE7_3507605__Brazil_Alouatta_2017-06-14	Southeast	SP	NHP	14/06/2017	2017	Other
ON022606.1_PNH1766_partial_genome_Brazil_SP_Tuiuti__IBGE7_3554953__Brazil_Primates_2017-07-04	Southeast	SP	NHP	04/07/2017	2017	Other
ON022607.1_PNH1790_partial_genome_Brazil_SP_Louveira__IBGE7_3527306__Brazil_Alouatta_2017-07-07	Southeast	SP	NHP	07/07/2017	2017	Other
ON022608.1_PNH1396_partial_genome_Brazil_SP_Pinhalzinho__IBGE7_3538204__Brazil_Alouatta_2017-05-05	Southeast	SP	NHP	05/05/2017	2017	Other
ON022609.1_PNH2655_partial_genome_Brazil_SP_Sao_Roque__IBGE7_3550605__Brazil_Alouatta_2017-12-08	Southeast	SP	NHP	08/12/2017	2017	Other
ON022610.1_PNH1794_partial_genome_Brazil_SP_Louveira__IBGE7_3527306__Brazil_Alouatta_2017-07-17	Southeast	SP	NHP	17/07/2017	2017	Other
ON022611.1_PNH1251_partial_genome_Brazil_SP_Tuiuti__IBGE7_3554953__Brazil_Primates_2017-04-17	Southeast	SP	NHP	17/04/2017	2017	Other
ON022612.1_PNH1268_partial_genome_Brazil_SP_Pinhalzinho__IBGE7_3538204__Brazil_Primates_2017-04-17	Southeast	SP	NHP	17/04/2017	2017	Other
ON022613.1_PNH1470_partial_genome_Brazil_SP_Vinhedo__IBGE7_3556701__Brazil_Alouatta_2017-05-17	Southeast	SP	NHP	17/05/2017	2017	Other
ON022614.1_PNH1502_partial_genome_Brazil_SP_Braganca_Paulista__IBGE7_3507605__Brazil_Alouatta_2017-05-11	Southeast	SP	NHP	11/05/2017	2017	Other
ON022615.1_PNH1255_partial_genome_Brazil_SP_Pinhalzinho__IBGE7_3538204__Brazil_Alouatta_2017-04-10	Southeast	SP	NHP	10/04/2017	2017	Other
ON022616.1_PNH1238_partial_genome_Brazil_SP_Braganca_Paulista__IBGE7_3507605__Brazil_Alouatta_2017-04-20	Southeast	SP	NHP	20/04/2017	2017	Other
ON022617.1_PNH1299_partial_genome_Brazil_SP_Pedra_Bela__IBGE7_3536802__Brazil_Alouatta_2017-05-03	Southeast	SP	NHP	03/05/2017	2017	Other
ON022618.1_PNH1265_partial_genome_Brazil_SP_Pinhalzinho__IBGE7_3538204__Brazil_Primates_2017-04-16	Southeast	SP	NHP	16/04/2017	2017	Other
ON022619.1_PNH1301_partial_genome_Brazil_SP_Piracaia__IBGE7_3538600__Brazil_Alouatta_2017-04-28	Southeast	SP	NHP	28/04/2017	2017	Other
ON022621.1_PNH1262_partial_genome_Brazil_SP_Pinhalzinho__IBGE7_3538204__Brazil_Primates_2017-04-12	Southeast	SP	NHP	12/04/2017	2017	Other
ON022623.1_PNH2686_partial_genome_Brazil_SP_Igarata__IBGE7_3520202__Brazil_Alouatta_2017-12-13	Southeast	SP	NHP	13/12/2017	2017	Other
ON022626.1_PNH2402_partial_genome_Brazil_SP_Sao_Roque__IBGE7_3550605__Brazil_Alouatta_2017-11-14	Southeast	SP	NHP	14/11/2017	2017	Other
ON022627.1_PNH2702_partial_genome_Brazil_SP_Sao_Paulo__IBGE7_3550308__Brazil_Alouatta_2017-12-12	Southeast	SP	NHP	12/12/2017	2017	Other
ON022628.1_PNH2707_partial_genome_Brazil_SP_Sao_Paulo__IBGE7_3550308__Brazil_Alouatta_2017-12-12	Southeast	SP	NHP	12/12/2017	2017	Other
ON022629.1_PNH2715_partial_genome_Brazil_SP_Cotia__IBGE7_3513009__Brazil_Alouatta_2017-12-12	Southeast	SP	NHP	12/12/2017	2017	Other
ON022634.1_PNH2399_partial_genome_Brazil_SP_Sao_Roque__IBGE7_3550605__Brazil_Alouatta_2017-11-07	Southeast	SP	NHP	07/11/2017	2017	Other
ON022635.1_PNH1830_partial_genome_Brazil_SP_Louveira__IBGE7_3527306__Brazil_Primates_2017-07-20	Southeast	SP	NHP	20/07/2017	2017	Other
ON022636.1_PNH2636_partial_genome_Brazil_SP_Jundiai__IBGE7_3525904__Brazil_Callicebus_2017-10-19	Southeast	SP	NHP	19/10/2017	2017	Other
ON022637.1_PNH2405_partial_genome_Brazil_SP_Sao_Roque__IBGE7_3550605__Brazil_Alouatta_2017-11-14	Southeast	SP	NHP	14/11/2017	2017	Other
ON022638.1_PNH2635_partial_genome_Brazil_SP_Jundiai__IBGE7_3525904__Brazil_Callicebus_2017-10-13	Southeast	SP	NHP	13/10/2017	2017	Other
ON022639.1_PNH2632_partial_genome_Brazil_SP_Jundiai__IBGE7_3525904__Brazil_Callithrix_2017-11-07	Southeast	SP	NHP	07/11/2017	2017	Other
ON022640.1_PNH2573_partial_genome_Brazil_SP_Braganca_Paulista__IBGE7_3507605__Brazil_Alouatta_2017-09-21	Southeast	SP	NHP	21/09/2017	2017	Other
ON022641.1_PNH2576_partial_genome_Brazil_SP_Braganca_Paulista__IBGE7_3507605__Brazil_Alouatta_2017-09-21	Southeast	SP	NHP	21/09/2017	2017	Other
ON022642.1_PNH2514_partial_genome_Brazil_SP_Sao_Paulo__IBGE7_3550308__Brazil_Alouatta_2017-12-05	Southeast	SP	NHP	05/12/2017	2017	Other
ON022643.1_PNH1227_partial_genome_Brazil_SP_Braganca_Paulista__IBGE7_3507605__Brazil_Alouatta_2017-04-25	Southeast	SP	NHP	25/04/2017	2017	Other
ON022644.1_PNH2547_partial_genome_Brazil_SP_Itatiba__IBGE7_3523404__Brazil_Callithrix_2017-10-27	Southeast	SP	NHP	27/10/2017	2017	Other
ON022645.1_PNH2550_partial_genome_Brazil_SP_Itatiba__IBGE7_3523404__Brazil_Cebus_2017-10-25	Southeast	SP	NHP	25/10/2017	2017	Other
ON022646.1_PNH1230_partial_genome_Brazil_SP_Braganca_Paulista__IBGE7_3507605__Brazil_Alouatta_2017-04-25	Southeast	SP	NHP	25/04/2017	2017	Other
ON022647.1_PNH1235_partial_genome_Brazil_SP_Braganca_Paulista__IBGE7_3507605__Brazil_Alouatta_2017-04-20	Southeast	SP	NHP	20/04/2017	2017	Other
ON022648.1_PNH2030_partial_genome_Brazil_SP_Itatiba__IBGE7_3523404__Brazil_Alouatta_2017-09-20	Southeast	SP	NHP	20/09/2017	2017	Other
ON022649.1_PNH2301_partial_genome_Brazil_SP_Louveira__IBGE7_3527306__Brazil_Primates_2017-09-25	Southeast	SP	NHP	25/09/2017	2017	Other
ON022650.1_PNH2408_partial_genome_Brazil_SP_Sao_Roque__IBGE7_3550605__Brazil_Alouatta_2017-11-28	Southeast	SP	NHP	28/11/2017	2017	Other
ON022651.1_PNH2570_partial_genome_Brazil_SP_Braganca_Paulista__IBGE7_3507605__Brazil_Alouatta_2017-09-06	Southeast	SP	NHP	06/09/2017	2017	Other
ON022652.1_PNH2473_partial_genome_Brazil_SP_Itapecerica_Da_Serra__IBGE7_3522208__Brazil_Primates_2017-11-30	Southeast	SP	NHP	30/11/2017	2017	Other
ON022653.1_PNH2479_partial_genome_Brazil_SP_Itapecerica_Da_Serra__IBGE7_3522208__Brazil_Primates_2017-12-04	Southeast	SP	NHP	04/12/2017	2017	Other
ON022654.1_PNH2482_partial_genome_Brazil_SP_Itapecerica_Da_Serra__IBGE7_3522208__Brazil_Primates_2017-12-04	Southeast	SP	NHP	04/12/2017	2017	Other
ON022655.1_PNH2511_partial_genome_Brazil_SP_Sao_Paulo__IBGE7_3550308__Brazil_Alouatta_2017-12-05	Southeast	SP	NHP	05/12/2017	2017	Other
ON022656.1_PNH3122_partial_genome_Brazil_SP_Santa_Isabel__IBGE7_3546801__Brazil_Alouatta_2018-02-12	Southeast	SP	NHP	12/02/2018	2018	Other
ON022657.1_PNH3123_partial_genome_Brazil_SP_Cotia__IBGE7_3513009__Brazil_Alouatta_2018-01-15	Southeast	SP	NHP	15/01/2018	2018	Other
ON022658.1_PNH3071_partial_genome_Brazil_SP_Sarapui__IBGE7_3551108__Brazil_Alouatta_2018-01-29	Southeast	SP	NHP	29/01/2018	2018	Other
ON022659.1_PNH3073_partial_genome_Brazil_SP_Embu_Guaau__IBGE7_3515103__Brazil_Alouatta_2018-02-02	Southeast	SP	NHP	02/02/2018	2018	Other
ON022660.1_PNH4225/3_partial_genome_Brazil_SP_Caraguatatuba__IBGE7_3510500__Brazil_Primates_2018-06-15	Southeast	SP	NHP	15/06/2018	2018	Other
ON022661.1_PNH642_partial_genome_Brazil_SP_Amparo__IBGE7_3501905__Brazil_Primates_2017-03-09	Southeast	SP	NHP	09/03/2017	2017	Other
ON022662.1_PNH1395_partial_genome_Brazil_SP_Pinhalzinho__IBGE7_3538204__Brazil_Alouatta_2017-05-05	Southeast	SP	NHP	05/05/2017	2017	Other
ON022663.1_1954_partial_genome_Brazil_SP_Louveira__IBGE7_3527306__Brazil_Primates_2017-09-01	Southeast	SP	NHP	01/09/2017	2017	Other
ON022664.1_PNH2302_partial_genome_Brazil_SP_Louveira__IBGE7_3527306__Brazil_Primates_2017-09-25	Southeast	SP	NHP	25/09/2017	2017	Other
ON022665.1_PNH2294_partial_genome_Brazil_SP_Bom_Jesus_Dos_Perdoes__IBGE7_3507100__Brazil_Primates_2017-11-06	Southeast	SP	NHP	06/11/2017	2017	Other
ON022666.1_PNH2811_partial_genome_Brazil_SP_Mairinque__IBGE7_3528403__Brazil_Primates_2017-12-11	Southeast	SP	NHP	11/12/2017	2017	Other
ON022667.1_PNH2799_partial_genome_Brazil_SP_Itapecerica_Da_Serra__IBGE7_3522208__Brazil_Primates_2017-12-20	Southeast	SP	NHP	20/12/2017	2017	Other
ON022668.1_PNH3552_partial_genome_Brazil_SP_Itapetininga__IBGE7_3522307__Brazil_Primates_2018-03-20	Southeast	SP	NHP	20/03/2018	2018	Other
ON022669.1_PNH3555_partial_genome_Brazil_SP_Tambau__IBGE7_3553302__Brazil_Callicebus_2018-03-26	Southeast	SP	NHP	26/03/2018	2018	Other
ON022670.1_PNH2890_partial_genome_Brazil_SP_Itapecerica_Da_Serra__IBGE7_3522208__Brazil_Primates_2018-01-06	Southeast	SP	NHP	06/01/2018	2018	Other
ON022671.1_PNH2888_partial_genome_Brazil_SP_Itapecerica_Da_Serra__IBGE7_3522208__Brazil_Primates_2018-01-06	Southeast	SP	NHP	06/01/2018	2018	Other
ON022672.1_PNH2887_partial_genome_Brazil_SP_Itapecerica_Da_Serra__IBGE7_3522208__Brazil_Primates_2018-01-07	Southeast	SP	NHP	07/01/2018	2018	Other
ON022673.1_PNH3557_partial_genome_Brazil_SP_Embu_Guaau__IBGE7_3515103__Brazil_Alouatta_2018-03-14	Southeast	SP	NHP	14/03/2018	2018	Other
ON022674.1_PNH3560_partial_genome_Brazil_SP_Embu_Guaau__IBGE7_3515103__Brazil_Alouatta_2018-03-19	Southeast	SP	NHP	19/03/2018	2018	Other
ON022675.1_PNH3565_partial_genome_Brazil_SP_Sarapui__IBGE7_3551108__Brazil_Alouatta_2018-03-10	Southeast	SP	NHP	10/03/2018	2018	Other
ON022676.1_PNH5475_partial_genome_Brazil_SP_Itapetininga__IBGE7_3522307__Brazil_Primates_2019-04-16	Southeast	SP	NHP	16/04/2019	2019	Other
ON022677.1_PNH1019_partial_genome_Brazil_SP_Espirito_Santo_Do_Pinhal__IBGE7_3515186__Brazil_Sapajus_2017-04-10	Southeast	SP	NHP	10/04/2017	2017	Other
ON022679.1_PNH1045_partial_genome_Brazil_SP_Monte_Alegre_Do_Sul__IBGE7_3531209__Brazil_Primates_2017-03-31	Southeast	SP	NHP	31/03/2017	2017	Other
ON022680.1_PNH1041_partial_genome_Brazil_SP_Tuiuti__IBGE7_3554953__Brazil_Primates_2017-04-06	Southeast	SP	NHP	06/04/2017	2017	Other
ON022681.1_PNH1038_partial_genome_Brazil_SP_Amparo__IBGE7_3501905__Brazil_Callicebus_2017-04-10	Southeast	SP	NHP	10/04/2017	2017	Other
ON022682.1_PNH733_partial_genome_Brazil_SP_Monte_Alegre_Do_Sul__IBGE7_3531209__Brazil_Primates_2017-03-17	Southeast	SP	NHP	17/03/2017	2017	Other
ON022683.1_PNH772_partial_genome_Brazil_SP_Tuiuti__IBGE7_3554953__Brazil_Primates_2017-03-17	Southeast	SP	NHP	17/03/2017	2017	Other
ON022684.1_PNH713_partial_genome_Brazil_SP_Socorro__IBGE7_3552106__Brazil_Sapajus_2017-03-16	Southeast	SP	NHP	16/03/2017	2017	Other
ON022685.1_PNH702_partial_genome_Brazil_SP_Campinas__IBGE7_3509502__Brazil_Alouatta_2017-03-21	Southeast	SP	NHP	21/03/2017	2017	Other
ON022686.1_PNH185_partial_genome_Brazil_SP_Jaboticabal__IBGE7_3524303__Brazil_Alouatta_2016-12-09	Southeast	SP	NHP	09/12/2016	2016	Other
ON022687.1_PNH866_partial_genome_Brazil_SP_Campinas__IBGE7_3509502__Brazil_Alouatta_2017-03-28	Southeast	SP	NHP	28/03/2017	2017	Other
ON022688.1_PNH149_partial_genome_Brazil_SP_Severinia__IBGE7_3551900__Brazil_Alouatta_2016-11-21	Southeast	SP	NHP	21/11/2016	2016	Other
ON022689.1_PNH885_partial_genome_Brazil_SP_Amparo__IBGE7_3501905__Brazil_Primates_2017-03-23	Southeast	SP	NHP	23/03/2017	2017	Other
ON022690.1_PNH862_partial_genome_Brazil_SP_Pinhalzinho__IBGE7_3538204__Brazil_Alouatta_2017-03-25	Southeast	SP	NHP	25/03/2017	2017	Other
ON022691.1_PNH872_partial_genome_Brazil_SP_Monte_Alegre_Do_Sul__IBGE7_3531209__Brazil_Primates_2017-03-21	Southeast	SP	NHP	21/03/2017	2017	Other
ON022692.1_PNH979_partial_genome_Brazil_SP_Pinhalzinho__IBGE7_3538204__Brazil_Alouatta_2017-03-29	Southeast	SP	NHP	29/03/2017	2017	Other
ON022693.1_PNH876_partial_genome_Brazil_SP_Monte_Alegre_Do_Sul__IBGE7_3531209__Brazil_Primates_2017-03-23	Southeast	SP	NHP	23/03/2017	2017	Other
ON022694.1_PNH3681_partial_genome_Brazil_SP_Sao_Miguel_Arcanjo__IBGE7_3550209__Brazil_Alouatta_2018-03-25	Southeast	SP	NHP	25/03/2018	2018	Other
ON022695.1_PNH2998_partial_genome_Brazil_SP_Santa_Isabel__IBGE7_3546801__Brazil_Callithrix_2018-01-25	Southeast	SP	NHP	25/01/2018	2018	Other
ON022696.1_isolada_partial_genome_Brazil_SP_Sao_Paulo__IBGE7_3550308__Brazil_Alouatta_2019-01-15	Southeast	SP	NHP	15/01/2019	2019	Other
ON022697.1_PNH2874_partial_genome_Brazil_SP_Sao_Paulo__IBGE7_3550308__Brazil_Alouatta_2018-01-03	Southeast	SP	NHP	03/01/2018	2018	Other
ON022698.1_PNH72_partial_genome_Brazil_SP_Jaboticabal__IBGE7_3524303__Brazil_Alouatta_2016-11-16	Southeast	SP	NHP	16/11/2016	2016	Other
ON022700.1_PNH96_partial_genome_Brazil_SP_Catanduva__IBGE7_3511102__Brazil_Alouatta_2016-11-17	Southeast	SP	NHP	17/11/2016	2016	Other
ON022701.1_PNH102_partial_genome_Brazil_SP_Catigua__IBGE7_3511201__Brazil_Alouatta_2016-11-17	Southeast	SP	NHP	17/11/2016	2016	Other
ON022702.1_PNH65_partial_genome_Brazil_SP_Pindorama__IBGE7_3538105__Brazil_Sapajus_2016-11-07	Southeast	SP	NHP	07/11/2016	2016	Other
ON022703.1_PNH69_partial_genome_Brazil_SP_Adolfo__IBGE7_3500204__Brazil_Alouatta_2016-11-04	Southeast	SP	NHP	04/11/2016	2016	Other
ON022704.1_PNH946_partial_genome_Brazil_SP_Tuiuti__IBGE7_3554953__Brazil_Primates_2017-03-31	Southeast	SP	NHP	31/03/2017	2017	Other
ON022705.1_PNH1258_partial_genome_Brazil_SP_Pinhalzinho__IBGE7_3538204__Brazil_Alouatta_2017-04-10	Southeast	SP	NHP	10/04/2017	2017	Other
ON022706.1_PNH1851_partial_genome_Brazil_SP_Jundiai__IBGE7_3525904__Brazil_Alouatta_2017-07-27	Southeast	SP	NHP	27/07/2017	2017	Other
ON022707.1_PNH2670_partial_genome_Brazil_SP_Sao_Paulo__IBGE7_3550308__Brazil_Alouatta_2017-12-16	Southeast	SP	NHP	16/12/2017	2017	Other
ON022708.1_PNH1869_partial_genome_Brazil_SP_Braganca_Paulista__IBGE7_3507605__Brazil_Alouatta_2017-08-03	Southeast	SP	NHP	03/08/2017	2017	Other
ON022709.1_PNH2662_partial_genome_Brazil_SP_Itapecerica_Da_Serra__IBGE7_3522208__Brazil_Primates_2017-12-18	Southeast	SP	NHP	18/12/2017	2017	Other
ON022710.1_PNH2673_partial_genome_Brazil_SP_Sao_Paulo__IBGE7_3550308__Brazil_Alouatta_2017-12-16	Southeast	SP	NHP	16/12/2017	2017	Other
ON022713.1_PNH2631_partial_genome_Brazil_SP_Jundiai__IBGE7_3525904__Brazil_Callithrix_2017-11-06	Southeast	SP	NHP	06/11/2017	2017	Other
ON022714.1_PNH2485_partial_genome_Brazil_SP_Itapecerica_Da_Serra__IBGE7_3522208__Brazil_Primates_2017-12-06	Southeast	SP	NHP	06/12/2017	2017	Other
ON022715.1_PNH2505_partial_genome_Brazil_SP_Sao_Paulo__IBGE7_3550308__Brazil_Alouatta_2017-11-15	Southeast	SP	NHP	15/11/2017	2017	Other
ON022723.1_0441/2017_partial_genome_Brazil_ES_Santa_Teresa__IBGE7_3204609__Brazil_Primates_2017-01-27	Southeast	ES	NHP	27/01/2017	2017	Other
ON022724.1_2501/2018_partial_genome_2501/2018_Brazil_RJ_Angra_Dos_Reis_2018-07-02	Southeast	RJ	Human	02/07/2018	2018	Other
ON022725.1_3922/2017_partial_genome_3922/2017_Brazil_ES_Marechal_Floriano_2017-04-13	Southeast	ES	Human	13/04/2017	2017	Other
ON022726.1_2538/2018_partial_genome_2538/2018_Brazil_RJ_Cantagalo_2018-02-20	Southeast	RJ	Human	20/02/2018	2018	Other
ON022727.1_0869/2018_partial_genome_0869/2018_Brazil_RJ_Teresopolis_2018-01-26	Southeast	RJ	Human	26/01/2018	2018	Other
ON022728.1_1778/2018_partial_genome_1778/2018_Brazil_RJ_Teresopolis_2018-09-02	Southeast	RJ	Human	02/09/2018	2018	Other
ON022729.1_0580/2018_partial_genome_0580/2018_Brazil_RJ_Volta_Redonda_2018-01-19	Southeast	RJ	Human	19/01/2018	2018	Other
ON022730.1_1344/2017_partial_genome_1344/2017_Brazil_ES_Muniz_Freira_2017-02-14	Southeast	ES	Human	14/02/2017	2017	Other
ON022731.1_1262/2017_partial_genome_1262/2017_Brazil_ES_Vitoria_2017-05-02	Southeast	ES	Human	02/05/2017	2017	Other
ON022732.1_1330/2017_partial_genome_Brazil_ES_Marechal_Floriano__IBGE7_3203346__Brazil_Primates_2017-02-18	Southeast	ES	NHP	18/02/2017	2017	Other
ON022733.1_4838/2018_partial_genome_Brazil_RJ_Rio_De_Janeiro__IBGE7_3304557__Brazil_Callithrix_2018-06-04	Southeast	RJ	NHP	04/06/2018	2018	Other
ON022734.1_2075/2017_partial_genome_Brazil_ES_Serra__IBGE7_3205002__Brazil_Callithrix_2017-06-03	Southeast	ES	NHP	03/06/2017	2017	Other
ON022735.1_5884/2017_partial_genome_Brazil_RJ_Guapimirim__IBGE7_3301850__Brazil_Callithrix_2017-06-06	Southeast	RJ	NHP	14/06/2017	2017	Other
ON022736.1_ARB1019_partial_genome_ARB1019_Brazil_SP_Sao_Paulo_2018-01-16	Southeast	SP	Human	16/01/2018	2018	Other
ON022737.1_ARB1029_partial_genome_ARB1029_Brazil_SP_Mairipora_2018-01-19	Southeast	SP	Human	19/01/2018	2018	Other
ON022738.1_ARB1030_partial_genome_ARB1030_Brazil_SP_Atibaia_2018-01-19	Southeast	SP	Human	19/01/2018	2018	Other
ON022739.1_ARB1032_partial_genome_ARB1032_Brazil_SP_Guarulhos_2018-01-23	Southeast	SP	Human	23/01/2018	2018	Other
ON022740.1_ARB1045_partial_genome_ARB1045_Brazil_SP_Mairipora_2018-01-30	Southeast	SP	Human	30/01/2018	2018	Other
ON022741.1_ARB1055_partial_genome_ARB1055_Brazil_SP_Sao_Paulo_2018-02-01	Southeast	SP	Human	01/02/2018	2018	Other
ON022742.1_ARB1014_partial_genome_ARB1014_Brazil_SP_Guarulhos_2018-01-12	Southeast	SP	Human	12/01/2018	2018	Other
ON022743.1_ARB1020_partial_genome_ARB1020_Brazil_SP_Mairipora_2018-01-16	Southeast	SP	Human	16/01/2018	2018	Other
ON022744.1_ARB1036_partial_genome_ARB1036_Brazil_SP_Guarulhos_2018-01-23	Southeast	SP	Human	23/01/2018	2018	Other
ON022745.1_ARB1042_partial_genome_ARB1042_Brazil_SP_Sao_Paulo_2018-01-24	Southeast	SP	Human	24/01/2018	2018	Other
ON022746.1_ARB1051_partial_genome_ARB1051_Brazil_SP_Sao_Paulo_2018	Southeast	SP	Human	2018	2018	Other
ON502389.1_1023_18FA_Brazil_Nova_Lima_Minas_Gerais_Brazil_Human_2018-02-13	Southeast	MG	Human	13/02/2018	2018	Other
ON502390.1_1015_18FA_Brazil_Mariana_Minas_Gerais_Brazil_Human_2018-02-11	Southeast	MG	Human	11/02/2018	2018	Other
ON502391.1_841_18FA_Brazil_Nova_Lima_Minas_Gerais_Brazil_Human_2018-02-06	Southeast	MG	Human	06/02/2018	2018	Other
ON502392.1_792_18FA_Brazil_Caete_Minas_Gerais_Brazil_Human_2018-02-05	Southeast	MG	Human	05/02/2018	2018	Other
ON502393.1_668_18FA_Brazil_Nova_Uniao_Minas_Gerais_Brazil_Human_2018-01-31	Southeast	MG	Human	31/01/2018	2018	Other
ON502394.1_641_18FA_Brazil_Santa_Barbara_Minas_Gerais_Brazil_Human_2018-01-30	Southeast	MG	Human	30/01/2018	2018	Other
ON502395.1_626_18FA_Brazil_Mariana_Minas_Gerais_Brazil_Human_2018-01-30	Southeast	MG	Human	30/01/2018	2018	Other
ON502396.1_247_18FA_Brazil_Rio_Acima_Minas_Gerais_Brazil_Human_2018-01-21	Southeast	MG	Human	21/01/2018	2018	Other
ON502397.1_1609_18FA_Brazil_Ouro_Preto_Minas_Gerais_Brazil_Human_2018-03-01	Southeast	MG	Human	01/03/2018	2018	Other
ON502398.1_240_18FA_Brazil_Mateus_Leme_Minas_Gerais_Brazil_Human_2018-01-21	Southeast	MG	Human	21/01/2018	2018	Other
ON502399.1_1106_18FA_Brazil_Itabira_Minas_Gerais_Brazil_Human_2018-02-14	Southeast	MG	Human	14/02/2018	2018	Other
ON502400.1_196_18FA_Brazil_Guaraciaba_Minas_Gerais_Brazil_Human_2018-01-19	Southeast	MG	Human	19/01/2018	2018	Other
ON502401.1_481_18FA_Brazil_Carmopolis_de_Minas_Minas_Gerais_Brazil_Human_2018-01-25	Southeast	MG	Human	25/01/2018	2018	Other
ON502402.1_563_17IV_Brazil_Caratinga_Minas_Gerais_Brazil_Human_2017-02-10	Southeast	MG	Human	10/02/2017	2017	Other
ON502403.1_458_18FA_Brazil_Nova_Lima_Minas_Gerais_Brazil_Human_2018-01-26	Southeast	MG	Human	26/01/2018	2018	Other
ON502404.1_205_17IV_Brazil_Teofilo_Otoni_Minas_Gerais_Brazil_Human_2017-01-24	Southeast	MG	Human	24/01/2017	2017	Other
ON502405.1_436_18FA_Brazil_Belo_Horizonte_Minas_Gerais_Brazil_Human_2018-01-25	Southeast	MG	Human	25/01/2018	2018	Other
ON502406.1_201_17IV_Brazil_Novo_Cruzeiro_Minas_Gerais_Brazil_Human_2017-01-21	Southeast	MG	Human	21/01/2017	2017	Other
ON502407.1_119_17IV_Brazil_Alvarenga_Minas_Gerais_Brazil_Human_2017-01-19	Southeast	MG	Human	19/01/2017	2017	Other
ON502408.1_1634_18FA_Brazil_Ouro_Preto_Minas_Gerais_Brazil_Human_2018-03-05	Southeast	MG	Human	05/03/2018	2018	Other
ON502409.1_1233_18FA_Brazil_Itabira_Minas_Gerais_Brazil_Human_2018-02-19	Southeast	MG	Human	19/02/2018	2018	Other
ON502410.1_1229_18FA_Brazil_Itabira_Minas_Gerais_Brazil_Human_2018-02-18	Southeast	MG	Human	18/02/2018	2018	Other
ON502411.1_1194_18FA_Brazil_Conselheiro_Lafaiete_Minas_Gerais_Brazil_Human_2018-02-20	Southeast	MG	Human	20/02/2018	2018	Other
ON502412.1_694_18FA_Brazil_Caete_Minas_Gerais_Brazil_Human_2018-01-31	Southeast	MG	Human	31/01/2018	2018	Other
ON502413.1_479_18FA_Brazil_Caete_Minas_Gerais_Brazil_Human_2018-01-25	Southeast	MG	Human	25/01/2018	2018	Other
ON502414.1_462_18IV_Brazil_Itabira_Minas_Gerais_Brazil_Human_2018-02-17	Southeast	MG	Human	17/02/2018	2018	Other
ON502415.1_429_18FA_Brazil_Senhora_de_Oliveira_Minas_Gerais_Brazil_Human_2018-01-22	Southeast	MG	Human	22/01/2018	2018	Other
ON502416.1_322_18IV_Brazil_Ouro_Branco_Minas_Gerais_Brazil_Human_2018-02-01	Southeast	MG	Human	01/02/2018	2018	Other
ON502417.1_248_18FA_Brazil_Mariana_Minas_Gerais_Brazil_Human_2018-01-20	Southeast	MG	Human	20/01/2018	2018	Other
ON502418.1_241_18FA_Brazil_Santo_Andre_Minas_Gerais_Brazil_Human_2018-01-21	Southeast	MG	Human	21/01/2018	2018	Other
ON502419.1_162_18FA_Brazil_Raposos_Minas_Gerais_Brazil_Human_2018-01-18	Southeast	MG	Human	18/01/2018	2018	Other
ON502420.1_137_18FA_Brazil_Brumadinho_Minas_Gerais_Brazil_Human_2018-01-15	Southeast	MG	Human	15/01/2018	2018	Other
ON502421.1_111_18FA_Brazil_Brumadinho_Minas_Gerais_Brazil_Human_2018-01-16	Southeast	MG	Human	16/01/2018	2018	Other
ON502423.1_273_17IV_Brazil_Teofilo_Otoni_Minas_Gerais_Brazil_Human_2017-01-26	Southeast	MG	Human	26/01/2017	2017	Other
ON502424.1_271_17IV_Brazil_Itambacuri_Minas_Gerais_Brazil_Human_2017-01-27	Southeast	MG	Human	27/01/2017	2017	Other
ON502425.1_269_17IV_Brazil_Teofilo_Otoni_Minas_Gerais_Brazil_Human_2017-01-27	Southeast	MG	Human	27/01/2017	2017	Other
ON502426.1_263_17IV_Brazil_Novo_Cruzeiro_Minas_Gerais_Brazil_Human_2017-01-29	Southeast	MG	Human	29/01/2017	2017	Other
ON502427.1_255_17IV_Brazil_Itambacuri_Minas_Gerais_Brazil_Human_2017-01-21	Southeast	MG	Human	21/01/2017	2017	Other
ON502429.1_112_17IV_Brazil_Teofilo_Otoni_Minas_Gerais_Brazil_Human_2017-01-18	Southeast	MG	Human	18/01/2017	2017	Other
ON502430.1_108_17IV_Brazil_Ladainha_Minas_Gerais_Brazil_Human_2017-01-13	Southeast	MG	Human	13/01/2017	2017	Other
ON502431.1_101_17IV_Brazil_Ladainha_Minas_Gerais_Brazil_Human_2017-01-13	Southeast	MG	Human	13/01/2017	2017	Other
ON502432.1_75_17IV_Brazil_Ladainha_Minas_Gerais_Brazil_Human_2017-01-11	Southeast	MG	Human	11/01/2017	2017	Other
ON502433.1_73_17IV_Brazil_Teofilo_Otoni_Minas_Gerais_Brazil_Human_2017-01-11	Southeast	MG	Human	11/01/2017	2017	Other
ON502434.1_71_17IV_Brazil_Itambacuri_Minas_Gerais_Brazil_Human_2017-01-11	Southeast	MG	Human	11/01/2017	2017	Other
ON502435.1_69_17IV_Brazil_Ladainha_Minas_Gerais_Brazil_Human_2017-01-06	Southeast	MG	Human	06/01/2017	2017	Other
ON502436.1_22_17IV_Brazil_Ladainha_Minas_Gerais_Brazil_Human_2017-01-08	Southeast	MG	Human	08/01/2017	2017	Other
ON502437.1_15_17IV_Brazil_Setubinha_Minas_Gerais_Brazil_Human_2017-01-07	Southeast	MG	Human	07/01/2017	2017	Other
ON502438.1_1632_18FA_Brazil_Mariana_Minas_Gerais_Brazil_Human_2018-03-05	Southeast	MG	Human	05/03/2018	2018	Other
ON502439.1_1439_18FA_Brazil_Ouro_Branco_Minas_Gerais_Brazil_Human_2018-02-26	Southeast	MG	Human	26/02/2018	2018	Other
ON502440.1_1415_18FA_Brazil_Ouro_Preto_Minas_Gerais_Brazil_Human_2018-02-23	Southeast	MG	Human	23/02/2018	2018	Other
ON502442.1_1063_18FA_Brazil_Guaraciaba_Minas_Gerais_Brazil_Human_2018-02-11	Southeast	MG	Human	11/02/2018	2018	Other
OP508572.1_UNVERIFIED_GO181-2020_partial_genome_Brazil_Luziania_Goias_Brazil_Alouatta_caraya_2020-12-03	CentreWest	GO	NHP	03/12/2020	2020	Other
OP508573.1_GO034-2020_partial_genome_Brazil_Goiania_Goias_Brazil_Alouatta_caraya_2020-12-08	CentreWest	GO	NHP	08/12/2020	2020	Other
OP508575.1_UNVERIFIED_GO031-2020_partial_genome_Brazil_Goiania_Goias_Brazil_Alouatta_caraya_2020-11-06	CentreWest	GO	NHP	06/11/2020	2020	Other
OP508587.1_PR002-2019_partial_genome_Brazil_Parana_Brazil_Human_2019-02-01	South	PR	Human	01/02/2019	2019	Other
OP508590.1_PR003-2019_partial_genome_Brazil_Parana_Brazil_Human_2019-01-31	South	PR	Human	31/01/2019	2019	Other
OP508591.1_PR008-2019_partial_genome_Brazil_Parana_Brazil_Human_2019-03-14	South	PR	Human	14/03/2019	2019	Other
OP508594.1_PR016-2019_partial_genome_Brazil_Parana_Brazil_Alouatta_sp._2019-03-21	South	PR	NHP	21/03/2019	2019	Other
OP508595.1_PR019-2019_partial_genome_Brazil_Parana_Brazil_Alouatta_sp._2019-04-16	South	PR	NHP	16/04/2019	2019	Other
OP508596.1_PR020-2019_partial_genome_Brazil_Parana_Brazil_Alouatta_sp._2019-04-23	South	PR	NHP	23/04/2019	2019	Other
OP508597.1_PR026-2019_partial_genome_Brazil_Parana_Brazil_Alouatta_sp._2019-05-20	South	PR	NHP	20/05/2019	2019	Other
OP508600.1_PR030-2019_partial_genome_Brazil_Parana_Brazil_Alouatta_sp._2019-11-21	South	PR	NHP	21/11/2019	2019	Other
OP508602.1_PR033-2019_partial_genome_Brazil_Parana_Brazil_Alouatta_sp._2019-11-28	South	PR	NHP	28/11/2019	2019	Other
OP508605.1_PR037-2019_partial_genome_Brazil_Parana_Brazil_Alouatta_sp._2019-12-03	South	PR	NHP	03/12/2019	2019	Other
OP508608.1_PR053-2020_partial_genome_Brazil_Parana_Brazil_Alouatta_sp._2020-01-09	South	PR	NHP	09/01/2020	2020	Other
OP508609.1_PR052-2020_partial_genome_Brazil_Parana_Brazil_Alouatta_sp._2020-01-15	South	PR	NHP	15/01/2020	2020	Other
OP508610.1_PR055-2020_partial_genome_Brazil_Parana_Brazil_Alouatta_sp._2020-01-20	South	PR	NHP	20/01/2020	2020	Other
OP508614.1_PR059-2019_partial_genome_Brazil_Parana_Brazil_Alouatta_sp._2019-03-30	South	PR	NHP	30/03/2019	2019	Other
OP508618.1_PR068-2020_partial_genome_Brazil_Parana_Brazil_Alouatta_sp._2020-01-30	South	PR	NHP	30/01/2020	2020	Other
OP508619.1_PR067-2020_partial_genome_Brazil_Parana_Brazil_Alouatta_sp._2020-02-03	South	PR	NHP	03/02/2020	2020	Other
OP508620.1_PR070-2020_partial_genome_Brazil_Parana_Brazil_Alouatta_sp._2020-01-20	South	PR	NHP	20/01/2020	2020	Other
OP508621.1_PR075-2020_partial_genome_Brazil_Parana_Brazil_Alouatta_sp._2020-01-31	South	PR	NHP	31/01/2020	2020	Other
OP508622.1_PR076-2020_partial_genome_Brazil_Parana_Brazil_Alouatta_sp._2020-02-07	South	PR	NHP	07/02/2020	2020	Other
OP508623.1_PR082-2020_partial_genome_Brazil_Parana_Brazil_Alouatta_sp._2020-02-12	South	PR	NHP	12/02/2020	2020	Other
OP508624.1_PR083-2020_partial_genome_Brazil_Santa_Catarina_Brazil_Alouatta_sp._2020-03-03	South	SC	NHP	03/03/2020	2020	Other
OP508625.1_PR078-2020_partial_genome_Brazil_Santa_Catarina_Brazil_Alouatta_sp._2020-02-25	South	SC	NHP	25/02/2020	2020	Other
OP508628.1_PR089-2020_partial_genome_Brazil_Parana_Brazil_Alouatta_sp._2020-02-24	South	PR	NHP	24/02/2020	2020	Other
OP508630.1_PR091-2020_partial_genome_Brazil_Parana_Brazil_Alouatta_sp._2020-03-09	South	PR	NHP	09/03/2020	2020	Other
OP508632.1_PR093-2020_partial_genome_Brazil_Parana_Brazil_Alouatta_sp._2020-02-27	South	PR	NHP	27/02/2020	2020	Other
OP508635.1_PR106-2020_partial_genome_Brazil_Parana_Brazil_Alouatta_sp._2020-04-09	South	PR	NHP	09/04/2020	2020	Other
OP508637.1_PR109-2020_partial_genome_Brazil_Parana_Brazil_Alouatta_guariba_clamitans_2020-05-04	South	PR	NHP	04/05/2020	2020	Other
OP508638.1_PR111-2020_partial_genome_Brazil_Parana_Brazil_Alouatta_sp._2020-06-18	South	PR	NHP	18/06/2020	2020	Other
OP508639.1_PR112-2020_partial_genome_Brazil_Parana_Brazil_Alouatta_sp._2020-06-18	South	PR	NHP	18/06/2020	2020	Other
OP508640.1_PR114-2020_partial_genome_Brazil_Parana_Brazil_Alouatta_sp._2020-08-14	South	PR	NHP	14/08/2020	2020	Other
OP508641.1_PR115-2020_partial_genome_Brazil_Parana_Brazil_Alouatta_sp._2020-08-14	South	PR	NHP	14/08/2020	2020	Other
OP508642.1_PR116-2020_partial_genome_Brazil_Parana_Brazil_Alouatta_sp._2020-11-04	South	PR	NHP	04/11/2020	2020	Other
OP508643.1_PR117-2020_partial_genome_Brazil_Parana_Brazil_Alouatta_sp._2020-11-13	South	PR	NHP	13/11/2020	2020	Other
OP508644.1_PR119-2020_partial_genome_Brazil_Parana_Brazil_Alouatta_sp._2020-11-18	South	PR	NHP	18/11/2020	2020	Other
OP508645.1_PR118-2020_partial_genome_Brazil_Parana_Brazil_Alouatta_sp._2020-11-18	South	PR	NHP	18/11/2020	2020	Other
OP508646.1_PR120-2020_partial_genome_Brazil_Parana_Brazil_Alouatta_sp._2020-11-19	South	PR	NHP	19/11/2020	2020	Other
OP508647.1_PR122-2020_partial_genome_Brazil_Santa_Catarina_Brazil_Alouatta_sp._2020-12-08	South	SC	NHP	08/12/2020	2020	Other
OP508648.1_PR121-2020_partial_genome_Brazil_Parana_Brazil_Alouatta_sp._2020-11-19	South	PR	NHP	19/11/2020	2020	Other
OP508649.1_PR123-2020_partial_genome_Brazil_Santa_Catarina_Brazil_Alouatta_sp._2020-12-10	South	SC	NHP	10/12/2020	2020	Other
OP508650.1_PR128-2021_partial_genome_Brazil_Santa_Catarina_Brazil_Alouatta_sp._2021-01-19	South	SC	NHP	19/01/2021	2021	Other
OP508651.1_PR126-2020_partial_genome_Brazil_Santa_Catarina_Brazil_Alouatta_sp._2020-12-30	South	SC	NHP	30/12/2020	2020	Other
OP508652.1_PR130-2021_partial_genome_Brazil_Santa_Catarina_Brazil_Alouatta_sp._2021-01-29	South	SC	NHP	29/01/2021	2021	Other
OP508653.1_PR129-2021_partial_genome_Brazil_Santa_Catarina_Brazil_Alouatta_sp._2021-01-21	South	SC	NHP	21/01/2021	2021	Other
OP508654.1_PR134-2021_partial_genome_Brazil_Santa_Catarina_Brazil_Alouatta_sp._2021-02-10	South	SC	NHP	10/02/2021	2021	Other
OP508655.1_PR132-2021_partial_genome_Brazil_Rio_Grande_do_Sul_Brazil_Alouatta_sp._2021-02-08	South	RS	NHP	08/02/2021	2021	Other
OP508656.1_PR135-2021_partial_genome_Brazil_Santa_Catarina_Brazil_Alouatta_sp._2021-02-14	South	SC	NHP	14/02/2021	2021	Other
OP508657.1_PR136-2021_partial_genome_Brazil_Santa_Catarina_Brazil_Alouatta_sp._2021-02-11	South	SC	NHP	11/02/2021	2021	Other
OP508658.1_PR137-2021_partial_genome_Brazil_Santa_Catarina_Brazil_Alouatta_sp._2021-02-10	South	SC	NHP	10/02/2021	2021	Other
OP508659.1_PR140-2021_partial_genome_Brazil_Santa_Catarina_Brazil_Alouatta_sp._2021-02-16	South	SC	NHP	16/02/2021	2021	Other
OP508660.1_PR142-2021_partial_genome_Brazil_Rio_Grande_do_Sul_Brazil_Alouatta_sp._2021-03-11	South	RS	NHP	11/03/2021	2021	Other
OP508661.1_PR141-2021_partial_genome_Brazil_Rio_Grande_do_Sul_Brazil_Alouatta_sp._2021-02-20	South	RS	NHP	20/02/2021	2021	Other
OP508662.1_PR143-2021_partial_genome_Brazil_Rio_Grande_do_Sul_Brazil_Alouatta_sp._2021-02-18	South	RS	NHP	18/02/2021	2021	Other
OP508663.1_PR144-2021_partial_genome_Brazil_Rio_Grande_do_Sul_Brazil_Alouatta_sp._2021-02-22	South	RS	NHP	22/02/2021	2021	Other
OP508664.1_PR148-2021_partial_genome_Brazil_Santa_Catarina_Brazil_Alouatta_sp._2021-02-27	South	SC	NHP	27/02/2021	2021	Other
OP508665.1_PR154-2021_partial_genome_Brazil_Rio_Grande_do_Sul_Brazil_Alouatta_sp._2021-03-08	South	RS	NHP	08/03/2021	2021	Other
OP508666.1_PR152-2021_partial_genome_Brazil_Santa_Catarina_Brazil_Alouatta_sp._2021-02-19	South	SC	NHP	19/02/2021	2021	Other
OP508667.1_PR149-2021_partial_genome_Brazil_Santa_Catarina_Brazil_Alouatta_sp._2021-02-23	South	SC	NHP	23/02/2021	2021	Other
OP508668.1_PR156-2021_partial_genome_Brazil_Rio_Grande_do_Sul_Brazil_Alouatta_sp._2021-03-09	South	RS	NHP	09/03/2021	2021	Other
OP508669.1_PR158-2021_partial_genome_Brazil_Rio_Grande_do_Sul_Brazil_Alouatta_sp._2021-03-12	South	RS	NHP	12/03/2021	2021	Other
OP508670.1_PR162-2021_partial_genome_Brazil_Rio_Grande_do_Sul_Brazil_Alouatta_sp._2021-04-11	South	RS	NHP	11/04/2021	2021	Other
OP508671.1_PR161-2021_partial_genome_Brazil_Rio_Grande_do_Sul_Brazil_Alouatta_sp._2021-04-13	South	RS	NHP	13/04/2021	2021	Other
OP508672.1_PR159-2021_partial_genome_Brazil_Rio_Grande_do_Sul_Brazil_Alouatta_sp._2021-04-06	South	RS	NHP	06/04/2021	2021	Other
OP508673.1_PR163-2021_partial_genome_Brazil_Rio_Grande_do_Sul_Brazil_Alouatta_sp._2021-04-22	South	RS	NHP	22/04/2021	2021	Other
OP508674.1_PR164-2021_partial_genome_Brazil_Rio_Grande_do_Sul_Brazil_Alouatta_sp._2021-04-16	South	RS	NHP	16/04/2021	2021	Other
OP508676.1_PR166-2019_partial_genome_Brazil_Paranagua_Parana_Brazil_Alouatta_sp._2019-03-01	South	PR	NHP	01/03/2019	2019	Other
OP508677.1_PR167-2021_partial_genome_Brazil_Capao_Alto_Santa_Catarina_Brazil_Alouatta_sp._2021-02-14	South	SC	NHP	14/02/2021	2021	Other
OP508678.1_PR169-2021_partial_genome_Brazil_Guabiju_Rio_Grande_do_Sul_Brazil_Alouatta_sp._2021-04-28	South	RS	NHP	28/04/2021	2021	Other
OP508679.1_PR168-2021_partial_genome_Brazil_Lagoa_Vermelha_Rio_Grande_do_Sul_Brazil_Alouatta_sp._2021-03-22	South	RS	NHP	22/03/2021	2021	Other
OP508680.1_PR170-2021_partial_genome_Brazil_Flores_da_Cunha_Rio_Grande_do_Sul_Brazil_Alouatta_sp._2021-05-04	South	RS	NHP	04/05/2021	2021	Other
OP508681.1_PR171-2020_partial_genome_Brazil_Cruz_Machado_Parana_Brazil_Alouatta_sp._2020-04-22	South	PR	NHP	22/04/2020	2020	Other
OP508682.1_PR172-2019_partial_genome_Brazil_Sao_Jose_dos_Pinhais_Parana_Brazil_Alouatta_sp._2019-03-20	South	PR	NHP	20/03/2019	2019	Other
OP508683.1_PR173-2021_partial_genome_Brazil_Curitibanos_Santa_Catarina_Brazil_Alouatta_sp._2021-02-03	South	SC	NHP	03/02/2021	2021	Other
OP508684.1_PR174-2021_partial_genome_Brazil_Campo_Belo_do_Sul_Santa_Catarina_Brazil_Alouatta_sp._2021-02-15	South	SC	NHP	15/02/2021	2021	Other
OP508685.1_PR175-2021_partial_genome_Brazil_Vacaria_Rio_Grande_do_Sul_Brazil_Alouatta_sp._2021-02-24	South	RS	NHP	24/02/2021	2021	Other
OP508686.1_PR177-2021_partial_genome_Brazil_Linha_Nova_Rio_Grande_do_Sul_Brazil_Alouatta_sp._2021-06-01	South	RS	NHP	01/06/2021	2021	Other
OP508687.1_PR176-2021_partial_genome_Brazil_Viamao_Rio_Grande_do_Sul_Brazil_Alouatta_sp._2021-04-28	South	RS	NHP	28/04/2021	2021	Other
OP508688.1_PR178-2019_partial_genome_Brazil_Carambei_Parana_Brazil_Alouatta_sp._2019-04-29	South	PR	NHP	29/04/2019	2019	Other
OP508689.1_PR179-2021_partial_genome_Brazil_Pinhal_da_Serra_Rio_Grande_do_Sul_Brazil_Alouatta_sp._2021-02-05	South	RS	NHP	05/02/2021	2021	Other
OP508690.1_PR181-2021_partial_genome_Brazil_Campestre_da_Serra_Rio_Grande_do_Sul_Brazil_Alouatta_sp._2021-04-09	South	RS	NHP	09/04/2021	2021	Other
OP508691.1_PR180-2021_partial_genome_Brazil_Andre_da_Rocha_Rio_Grande_do_Sul_Brazil_Alouatta_sp._2021-02-19	South	RS	NHP	19/02/2021	2021	Other
OP508692.1_PR182-2021_partial_genome_Brazil_Nova_Petropolis_Rio_Grande_do_Sul_Brazil_Alouatta_sp._2021-05-01	South	RS	NHP	01/05/2021	2021	Other
OP508693.1_PR183-2021_partial_genome_Brazil_Caxias_do_Sul_Rio_Grande_do_Sul_Brazil_Alouatta_sp._2021-05-11	South	RS	NHP	11/05/2021	2021	Other
OP508694.1_PR186-2021_partial_genome_Brazil_Campo_Belo_do_Sul_Santa_Catarina_Brazil_Alouatta_sp._2021-02-21	South	SC	NHP	21/02/2021	2021	Other
OP508695.1_PR184-2021_partial_genome_Brazil_Farroupilha_Rio_Grande_do_Sul_Brazil_Alouatta_sp._2021-05-04	South	RS	NHP	04/05/2021	2021	Other
OP508696.1_PR185-2020_partial_genome_Brazil_Balsa_Nova_Parana_Brazil_Alouatta_sp._2020-01-06	South	PR	NHP	06/01/2020	2020	Other
OP508697.1_PR187-2021_partial_genome_Brazil_Vacaria_Rio_Grande_do_Sul_Brazil_Alouatta_sp._2021-03-02	South	RS	NHP	02/03/2021	2021	Other
OP508698.1_PR189-2021_partial_genome_Brazil_Feliz_Rio_Grande_do_Sul_Brazil_Alouatta_sp._2021-05-02	South	RS	NHP	02/05/2021	2021	Other
OP508699.1_PR190-2021_partial_genome_Brazil_Sao_Francisco_de_Paula_Rio_Grande_do_Sul_Brazil_Alouatta_sp._2021-05-12	South	RS	NHP	12/05/2021	2021	Other
OP508700.1_PR191-2020_partial_genome_Brazil_Antonio_Olinto_Parana_Brazil_Alouatta_guariba_clamitans_2020-01-20	South	PR	NHP	20/01/2020	2020	Other
OP508701.1_PR192-2021_partial_genome_Brazil_Pinhal_da_Serra_Rio_Grande_do_Sul_Brazil_Alouatta_sp._2021-02-08	South	RS	NHP	08/02/2021	2021	Other
OP508702.1_PR188-2021_partial_genome_Brazil_Sao_Marcos_Rio_Grande_do_Sul_Brazil_Alouatta_sp._2021-04-11	South	RS	NHP	11/04/2021	2021	Other
OP508703.1_PR193-2021_partial_genome_Brazil_Lages_Santa_Catarina_Brazil_Alouatta_sp._2021-02-22	South	SC	NHP	22/02/2021	2021	Other
OP508704.1_PR194-2021_partial_genome_Brazil_Vacaria_Rio_Grande_do_Sul_Brazil_Alouatta_sp._2021-03-03	South	RS	NHP	03/03/2021	2021	Other
OP508705.1_PR195-2021_partial_genome_Brazil_Sao_Jose_do_Cerrito_Santa_Catarina_Brazil_Alouatta_sp._2021-03-12	South	SC	NHP	12/03/2021	2021	Other
OP508707.1_PR197-2021_partial_genome_Brazil_Sao_Jose_do_Cerrito_Santa_Catarina_Brazil_Alouatta_sp._2021-02-11	South	SC	NHP	11/02/2021	2021	Other
OP508708.1_PR198-2021_partial_genome_Brazil_Rio_Fortuna_Santa_Catarina_Brazil_Alouatta_sp._2021-02-22	South	SC	NHP	22/02/2021	2021	Other
OP508709.1_PR199-2021_partial_genome_Brazil_Muitos_Capoes_Rio_Grande_do_Sul_Brazil_Alouatta_sp._2021-03-11	South	RS	NHP	11/03/2021	2021	Other
OP508710.1_PR200-2021_partial_genome_Brazil_Bom_Jesus_Rio_Grande_do_Sul_Brazil_Alouatta_sp._2021-04-26	South	RS	NHP	26/04/2021	2021	Other
OP508711.1_PR202-2021_partial_genome_Brazil_Blumenau_Santa_Catarina_Brazil_Alouatta_sp._2021-05-27	South	SC	NHP	27/05/2021	2021	Other
OP508712.1_PR203-2021_partial_genome_Brazil_Santa_Rosa_de_Lima_Santa_Catarina_Brazil_Alouatta_sp._2021-02-22	South	SC	NHP	22/02/2021	2021	Other
OP508713.1_PR205-2021_partial_genome_Brazil_Ponte_Alta_Santa_Catarina_Brazil_Alouatta_sp._2021-02-13	South	SC	NHP	13/02/2021	2021	Other
OP508714.1_PR204-2021_partial_genome_Brazil_Mafra_Santa_Catarina_Brazil_Alouatta_sp._2021-01-12	South	SC	NHP	12/01/2021	2021	Other
OP508716.1_PR201-2021_partial_genome_Brazil_Sao_Marcos_Rio_Grande_do_Sul_Brazil_Alouatta_sp._2021-05-03	South	RS	NHP	03/05/2021	2021	Other
OQ572695.1_MG-X.247_Brazil_Brazil_Sabethes_chloropterus_2021-09-30	Southeast	MG	Mosq	30/09/2021	2021	Other
OQ572696.1_MG-X.314_Brazil_Brazil_Sabethes_chloropterus_2021-09-30	Southeast	MG	Mosq	30/09/2021	2021	Other
OQ675592.1_PNH_6392_Brazil_Sao_Paulo_Aguas_da_Prata_Brazil_Callicebus_nigrifrons_2023-02-24	Southeast	SP	NHP	24/02/2023	2023	Other
OQ714291.1_NHP2786/Brazil/2017_Brazil_SP_Sao_Paulo_Brazil_Primates_2017-12-23	Southeast	SP	NHP	23/12/2017	2017	Other
OQ932916.1_BeAr831909_polyprotein_gene_complete_cds_Brazil_Goias_Jandaia_Brazil_Haemagogus_janthinomys_2016-09-26	CentreWest	GO	Mosq	26/09/2016	2016	Other
OR052147.1_hYFV/Brazil/SP-IAL-810/2023_NGS810_Sao_Joao_da_Boa_Vista_Brazil_Human_2023-04-28	Southeast	SP	Human	28/04/2023	2023	Other